gmgc_id;family;ARG-ANNOT;CARD;NCBI;ResFinder;ResFinderFG
GMGC10.000_121_417.CRP;Multidrug_efflux;0;1;0;0;0
GMGC10.000_233_630.CRP;Multidrug_efflux;0;1;0;0;0
GMGC10.000_585_584.CRP;Multidrug_efflux;0;1;0;0;0
GMGC10.001_143_956.CRP;Multidrug_efflux;0;1;0;0;0
GMGC10.001_366_532.STRA;aminoside;1;1;1;1;0
GMGC10.001_384_115.CRP;Multidrug_efflux;0;1;0;0;0
GMGC10.002_075_131.YEGN;Multidrug_efflux;0;1;0;0;0
GMGC10.002_075_775.CRP;Multidrug_efflux;0;1;0;0;0
GMGC10.002_267_004.RBPA;rifampicin;0;1;0;0;0
GMGC10.002_278_096.UNKNOWN;Multidrug_efflux;0;1;0;0;0
GMGC10.002_332_978.BMUL_5987;fosfomycin;0;1;0;0;0
GMGC10.002_443_821.CRP;Multidrug_efflux;0;1;0;0;0
GMGC10.002_470_232.AMPC;blactamase;1;1;1;1;0
GMGC10.002_505_609.OXA;blactamase;0;1;0;1;1
GMGC10.002_525_975.OXA;blactamase;1;1;0;1;1
GMGC10.002_546_655.VANS;Glycopeptide/Cycloserine;0;0;1;0;0
GMGC10.002_584_830.CRP;Multidrug_efflux;0;1;0;0;0
GMGC10.002_798_205.SMVA;MLS;0;1;0;0;0
GMGC10.002_995_619.DDL;Glycopeptide/Cycloserine;0;0;0;0;1
GMGC10.003_040_064.YEGN;Multidrug_efflux;0;1;0;0;0
GMGC10.003_342_785.PARE;aminocoumarin;0;1;0;0;0
GMGC10.003_600_344.MTRA;Multidrug_efflux;0;1;0;0;0
GMGC10.003_605_529.RPOB;rifampicin;0;1;0;0;0
GMGC10.003_882_350.AMPC;blactamase;1;1;1;0;1
GMGC10.004_081_499.CRP;Multidrug_efflux;0;1;0;0;0
GMGC10.004_102_968.CRP;Multidrug_efflux;0;1;0;0;0
GMGC10.004_116_919.TETP;cycline;1;1;1;1;1
GMGC10.004_181_661.BAER;Multidrug_efflux;0;1;0;0;0
GMGC10.004_283_760.CRP;Multidrug_efflux;0;1;0;0;0
GMGC10.004_391_941.EMRR;Multidrug_efflux;0;1;0;0;0
GMGC10.004_759_946.SSCG_02866;aminocoumarin;0;1;0;0;0
GMGC10.004_769_084.BMUL_1519;Multidrug_efflux;0;1;0;0;0
GMGC10.005_203_999.AMPC;blactamase;0;0;0;0;1
GMGC10.005_321_079.HYFJ;MLS;0;1;0;0;0
GMGC10.005_345_175.PARE;aminocoumarin;0;1;0;0;0
GMGC10.005_365_197.PARE;aminocoumarin;0;1;0;0;0
GMGC10.005_431_426.SMVA;MLS;0;1;0;0;0
GMGC10.005_617_870.ACRB;Multidrug_efflux;0;1;0;0;0
GMGC10.005_668_335.YBXI;blactamase;0;1;1;1;0
GMGC10.005_778_235.EPTA;peptide;0;1;0;0;0
GMGC10.005_780_016.RPOB;rifampicin;0;1;0;0;0
GMGC10.005_780_416.MTRA;Multidrug_efflux;0;1;0;0;0
GMGC10.005_874_820.ACRA;Multidrug_efflux;0;1;0;0;0
GMGC10.005_882_279.MDTC;Multidrug_efflux;0;1;0;0;0
GMGC10.005_882_280.MDTB;Multidrug_efflux;0;1;0;0;0
GMGC10.005_915_400.BMUL_1519;Multidrug_efflux;0;1;0;0;0
GMGC10.006_044_832.VANX;Glycopeptide/Cycloserine;0;0;1;0;0
GMGC10.006_044_836.VANS;Glycopeptide/Cycloserine;0;0;1;0;0
GMGC10.006_051_236.RPOB;rifampicin;0;1;0;0;0
GMGC10.006_053_167.MTRA;Multidrug_efflux;0;1;0;0;0
GMGC10.006_651_382.PPS;rifampicin;1;1;1;0;0
GMGC10.006_772_118.ACRA;Multidrug_efflux;0;1;0;0;0
GMGC10.006_876_339.RPOB;rifampicin;0;1;0;0;0
GMGC10.006_876_800.RPOB;rifampicin;0;1;0;0;0
GMGC10.007_008_219.RPOB;rifampicin;0;1;0;0;0
GMGC10.007_137_974.MSBA;nitroimidazole;0;1;0;0;0
GMGC10.007_162_725.AADA;aminoside;1;0;1;1;1
GMGC10.007_188_445.CRP;Multidrug_efflux;0;1;0;0;0
GMGC10.007_404_088.ACRB;Multidrug_efflux;0;1;0;0;0
GMGC10.007_414_519.RBPA;rifampicin;0;1;0;0;0
GMGC10.007_463_496.ACRB;Multidrug_efflux;0;1;0;0;0
GMGC10.007_463_881.TOLC;Multidrug_efflux;0;1;0;0;0
GMGC10.007_709_697.PPS;rifampicin;1;1;1;0;0
GMGC10.007_860_052.AMPC;blactamase;1;1;1;1;1
GMGC10.008_083_487.ACRB;Multidrug_efflux;0;1;0;0;0
GMGC10.008_212_999.SSCG_02866;aminocoumarin;0;1;0;0;0
GMGC10.008_338_532.EEFA;Multidrug_efflux;0;1;0;0;0
GMGC10.008_338_533.IBEB;Multidrug_efflux;0;1;0;0;0
GMGC10.008_403_661.SMEB;Multidrug_efflux;0;1;0;0;0
GMGC10.008_503_404.MEXF;Multidrug_efflux;0;1;0;0;0
GMGC10.008_692_456.BMUL_1519;Multidrug_efflux;0;1;0;0;0
GMGC10.008_741_437.FOLP;Sulfonamide/trimethoprim;1;1;1;0;1
GMGC10.009_237_516.MEXF;Multidrug_efflux;0;1;0;0;0
GMGC10.009_363_091.ACRB;Multidrug_efflux;0;1;0;0;0
GMGC10.009_404_724.MTRA;Multidrug_efflux;0;1;0;0;0
GMGC10.009_463_594.RPOB;rifampicin;0;1;0;0;0
GMGC10.009_543_125.UPPP;peptide;0;1;0;0;0
GMGC10.009_604_899.RPOB;rifampicin;0;1;0;0;0
GMGC10.009_856_078.CUTR;Glycopeptide/Cycloserine;0;0;1;0;0
GMGC10.010_086_376.RBPA;rifampicin;0;1;0;0;0
GMGC10.010_088_225.MTRA;Multidrug_efflux;0;1;0;0;0
GMGC10.010_088_556.RPOB;rifampicin;0;1;0;0;0
GMGC10.010_089_703.MTRA;Multidrug_efflux;0;1;0;0;0
GMGC10.010_090_033.RPOB;rifampicin;0;1;0;0;0
GMGC10.010_093_249.RBPA;rifampicin;0;1;0;0;0
GMGC10.010_174_170.MTRA;Multidrug_efflux;0;1;0;0;0
GMGC10.010_971_029.DDL;Glycopeptide/Cycloserine;0;0;1;0;0
GMGC10.010_980_812.AADA;aminoside;1;1;1;1;1
GMGC10.011_125_980.UNKNOWN;blactamase;0;0;0;0;1
GMGC10.011_204_114.UNKNOWN;quinolone;0;1;0;0;0
GMGC10.011_244_301.PPS;rifampicin;0;1;1;0;0
GMGC10.011_306_916.RPOB;rifampicin;0;1;0;0;0
GMGC10.011_446_715.RLMN;MLS;0;1;1;0;0
GMGC10.011_586_641.RPOB;rifampicin;0;1;0;0;0
GMGC10.011_592_489.RPOB;rifampicin;0;1;0;0;0
GMGC10.011_909_176.YEGN;Multidrug_efflux;0;1;0;0;0
GMGC10.011_915_716.MEXF;Multidrug_efflux;0;1;0;0;0
GMGC10.011_921_267.ACRB;Multidrug_efflux;0;1;0;0;0
GMGC10.011_938_809.MEXF;Multidrug_efflux;0;1;0;0;0
GMGC10.011_954_551.MEXF;Multidrug_efflux;0;1;0;0;0
GMGC10.012_205_341.RPOB;rifampicin;0;1;0;0;0
GMGC10.012_299_178.AADA;aminoside;1;1;1;1;1
GMGC10.012_319_937.CMR;Multidrug_efflux;0;1;0;1;0
GMGC10.012_320_726.ACRB;Multidrug_efflux;0;1;0;0;0
GMGC10.012_326_147.SMVA;MLS;0;1;0;0;0
GMGC10.012_461_546.EMRA;Multidrug_efflux;0;1;0;0;0
GMGC10.012_461_708.UPPP;peptide;0;1;0;0;0
GMGC10.012_584_257.UNKNOWN;Multidrug_efflux;0;1;0;0;0
GMGC10.012_863_626.RBPA;rifampicin;0;1;0;0;0
GMGC10.012_867_012.RPOB;rifampicin;0;1;0;0;0
GMGC10.013_210_361.UNKNOWN;Multidrug_efflux;0;1;0;0;0
GMGC10.013_229_056.BMUL_1519;Multidrug_efflux;0;1;0;0;0
GMGC10.013_229_789.OPRN;Multidrug_efflux;0;1;0;0;0
GMGC10.013_354_602.BLA;blactamase;1;1;1;1;1
GMGC10.013_427_565.SFLR;phenicol;1;1;1;1;0
GMGC10.013_763_055.MDTK;Multidrug_efflux;0;1;0;0;0
GMGC10.013_843_978.MEXF;Multidrug_efflux;0;1;0;0;0
GMGC10.013_880_490.YBXI;blactamase;1;1;0;1;0
GMGC10.013_927_355.SMVA;MLS;0;1;0;0;0
GMGC10.013_931_986.BLA;blactamase;1;0;1;1;0
GMGC10.014_032_425.SSCG_02866;aminocoumarin;0;1;0;0;0
GMGC10.014_085_762.RPOB;rifampicin;0;1;0;0;0
GMGC10.014_090_656.RBPA;rifampicin;0;1;0;0;0
GMGC10.014_118_003.UGD;peptide;0;1;0;0;0
GMGC10.014_223_629.MDTG;Multidrug_efflux;0;1;0;0;0
GMGC10.014_617_986.PPS;rifampicin;0;0;1;0;0
GMGC10.014_631_742.EVGS;Multidrug_efflux;0;1;0;0;0
GMGC10.014_656_616.DDL;Glycopeptide/Cycloserine;0;0;0;0;1
GMGC10.014_722_206.UNKNOWN;phenicol;1;1;1;0;0
GMGC10.014_734_738.PPS;rifampicin;1;1;1;0;0
GMGC10.014_749_565.LMRD;quinolone;0;1;0;0;0
GMGC10.014_928_132.DDL;Glycopeptide/Cycloserine;0;0;0;0;1
GMGC10.015_070_011.BMUL_1519;Multidrug_efflux;0;1;0;0;0
GMGC10.015_103_424.PPS;rifampicin;1;1;1;0;0
GMGC10.015_356_440.RPOB;rifampicin;0;1;0;0;0
GMGC10.015_446_823.MEXF;Multidrug_efflux;0;1;0;0;0
GMGC10.015_616_754.DDL;Glycopeptide/Cycloserine;0;0;0;0;1
GMGC10.015_682_609.AMPC;blactamase;1;1;1;1;1
GMGC10.015_790_477.ACRD;aminoside;0;1;0;0;0
GMGC10.015_850_238.MEXF;Multidrug_efflux;0;1;0;0;0
GMGC10.015_871_717.SMVA;MLS;0;1;0;0;0
GMGC10.016_178_929.CUTR;Glycopeptide/Cycloserine;0;0;1;0;0
GMGC10.016_214_105.ACRB;Multidrug_efflux;0;1;0;0;0
GMGC10.016_235_758.PPS;rifampicin;1;1;1;0;0
GMGC10.016_386_324.ACRB;Multidrug_efflux;0;1;0;0;0
GMGC10.016_439_993.DDL;Glycopeptide/Cycloserine;0;0;0;0;1
GMGC10.016_598_189.MEXD;Multidrug_efflux;0;1;0;0;0
GMGC10.016_690_720.UNKNOWN;Sulfonamide/trimethoprim;1;1;1;1;0
GMGC10.016_945_262.RPOB;rifampicin;0;1;0;0;0
GMGC10.016_989_235.CRP;Multidrug_efflux;0;1;0;0;0
GMGC10.017_086_027.RPOB;rifampicin;0;1;0;0;0
GMGC10.017_142_821.RPOB;rifampicin;0;1;0;0;0
GMGC10.017_204_162.ACRB;Multidrug_efflux;0;1;0;0;0
GMGC10.017_287_195.MTRA;Multidrug_efflux;0;1;0;0;0
GMGC10.017_288_297.RPOB;rifampicin;0;1;0;0;0
GMGC10.017_622_208.PPS;rifampicin;1;1;1;0;0
GMGC10.017_685_758.RPOB;rifampicin;0;1;0;0;0
GMGC10.017_823_754.VANR;Glycopeptide/Cycloserine;0;0;1;0;0
GMGC10.018_062_599.MTRA;Multidrug_efflux;0;1;0;0;0
GMGC10.018_062_940.RPOB;rifampicin;0;1;0;0;0
GMGC10.018_099_710.VANR;Glycopeptide/Cycloserine;0;0;1;0;0
GMGC10.018_153_778.PPS;rifampicin;1;1;1;0;0
GMGC10.018_304_376.PPS;rifampicin;1;1;1;0;0
GMGC10.018_642_605.RBPA;rifampicin;0;1;0;0;0
GMGC10.018_691_910.ACRA;Multidrug_efflux;0;1;0;0;0
GMGC10.018_729_592.PPS;rifampicin;0;0;1;0;0
GMGC10.018_729_600.VANR;Glycopeptide/Cycloserine;0;0;1;0;0
GMGC10.018_744_170.RPOB;rifampicin;0;1;0;0;0
GMGC10.018_794_043.YJIC;MLS;1;1;1;0;0
GMGC10.018_826_516.PPS;rifampicin;1;1;1;0;0
GMGC10.018_918_688.UNKNOWN;phenicol;1;1;1;0;0
GMGC10.019_014_714.CUTR;Glycopeptide/Cycloserine;0;0;1;0;0
GMGC10.019_147_276.UNKNOWN;Glycopeptide/Cycloserine;0;0;1;0;0
GMGC10.019_153_050.MEXF;Multidrug_efflux;0;1;0;0;0
GMGC10.019_223_651.MEXF;Multidrug_efflux;0;1;0;0;0
GMGC10.019_288_016.ACRB;Multidrug_efflux;0;1;0;0;0
GMGC10.019_312_886.MEXF;Multidrug_efflux;0;1;0;0;0
GMGC10.019_313_181.BMUL_1519;Multidrug_efflux;0;1;0;0;0
GMGC10.019_428_695.UNKNOWN;MLS;0;1;0;0;0
GMGC10.019_639_172.CPHA;blactamase;1;1;1;1;0
GMGC10.019_641_816.RPOB;rifampicin;0;1;0;0;0
GMGC10.019_677_912.BLA;blactamase;1;1;1;0;0
GMGC10.019_679_519.CRP;Multidrug_efflux;0;1;0;0;0
GMGC10.020_085_891.PPS;rifampicin;1;1;1;0;0
GMGC10.020_184_646.YEGN;Multidrug_efflux;0;1;0;0;0
GMGC10.020_198_148.MEXF;Multidrug_efflux;0;1;0;0;0
GMGC10.020_415_669.BLT;cycline;1;1;1;1;1
GMGC10.020_488_579.DDL;Glycopeptide/Cycloserine;0;0;0;0;1
GMGC10.020_492_691.MEXF;Multidrug_efflux;0;1;0;0;0
GMGC10.020_787_283.PPS;rifampicin;0;1;1;0;0
GMGC10.021_193_098.RPOB;rifampicin;0;1;0;0;0
GMGC10.021_296_905.BLA;blactamase;0;0;1;0;1
GMGC10.021_348_791.BMUL_5987;fosfomycin;0;1;0;0;0
GMGC10.021_507_283.UNKNOWN;blactamase;0;0;0;0;1
GMGC10.021_547_614.UNKNOWN;blactamase;0;0;0;0;1
GMGC10.021_610_685.DDL;Glycopeptide/Cycloserine;0;0;0;0;1
GMGC10.021_635_057.MBL1;blactamase;0;0;0;0;1
GMGC10.021_694_648.BMUL_1519;Multidrug_efflux;0;1;0;0;0
GMGC10.022_064_512.BMUL_1519;Multidrug_efflux;0;1;0;0;0
GMGC10.022_079_088.RPOB;rifampicin;0;1;0;0;0
GMGC10.022_081_632.RBPA;rifampicin;0;1;0;0;0
GMGC10.022_096_791.EMRB;quinolone;0;1;0;0;0
GMGC10.022_098_179.ACRA;Multidrug_efflux;0;1;0;0;0
GMGC10.022_154_072.ACRA;Multidrug_efflux;0;1;0;0;0
GMGC10.022_171_560.MTRA;Multidrug_efflux;0;1;0;0;0
GMGC10.022_290_288.RPOB;rifampicin;0;1;0;0;0
GMGC10.022_294_915.MTRA;Multidrug_efflux;0;1;0;0;0
GMGC10.022_296_278.MTRA;Multidrug_efflux;0;1;0;0;0
GMGC10.022_301_329.RBPA;rifampicin;0;1;0;0;0
GMGC10.022_302_697.RBPA;rifampicin;0;1;0;0;0
GMGC10.022_309_341.RBPA;rifampicin;0;1;0;0;0
GMGC10.022_315_230.RPOB;rifampicin;0;1;0;0;0
GMGC10.022_319_976.RPOB;rifampicin;0;1;0;0;0
GMGC10.022_397_675.UGD;peptide;0;1;0;0;0
GMGC10.022_646_573.FOLP;Sulfonamide/trimethoprim;1;1;1;1;1
GMGC10.022_821_265.DDL;Glycopeptide/Cycloserine;0;0;0;0;1
GMGC10.022_825_262.MEXF;Multidrug_efflux;0;1;0;0;0
GMGC10.022_923_655.RBPA;rifampicin;0;1;0;0;0
GMGC10.022_973_063.RPOB;rifampicin;0;1;0;0;0
GMGC10.022_992_889.MEXF;Multidrug_efflux;0;1;0;0;0
GMGC10.023_033_549.MTRA;Multidrug_efflux;0;1;0;0;0
GMGC10.023_194_751.UPPP;peptide;0;1;0;0;0
GMGC10.023_396_527.ACRD;aminoside;0;1;0;0;0
GMGC10.023_471_711.PPS;rifampicin;1;1;1;0;0
GMGC10.023_568_134.PPS;rifampicin;1;1;1;0;0
GMGC10.023_619_593.DDL;Glycopeptide/Cycloserine;0;0;1;0;0
GMGC10.023_899_150.RPOB;rifampicin;0;1;0;0;0
GMGC10.023_911_221.RPOB;rifampicin;0;1;0;0;0
GMGC10.023_928_218.RPOB;rifampicin;0;1;0;0;0
GMGC10.023_953_533.MTRA;Multidrug_efflux;0;1;0;0;0
GMGC10.023_964_390.RPOB;rifampicin;0;1;0;0;0
GMGC10.023_970_748.MTRA;Multidrug_efflux;0;1;0;0;0
GMGC10.023_977_241.RPOB;rifampicin;0;1;0;0;0
GMGC10.023_984_168.MTRA;Multidrug_efflux;0;1;0;0;0
GMGC10.023_984_657.RPOB;rifampicin;0;1;0;0;0
GMGC10.023_992_262.MTRA;Multidrug_efflux;0;1;0;0;0
GMGC10.024_004_141.RPOB;rifampicin;0;1;0;0;0
GMGC10.024_009_041.MTRA;Multidrug_efflux;0;1;0;0;0
GMGC10.024_009_623.RBPA;rifampicin;0;1;0;0;0
GMGC10.024_017_083.MTRA;Multidrug_efflux;0;1;0;0;0
GMGC10.024_030_132.RPOB;rifampicin;0;1;0;0;0
GMGC10.024_031_002.MTRA;Multidrug_efflux;0;1;0;0;0
GMGC10.024_036_072.RBPA;rifampicin;0;1;0;0;0
GMGC10.024_042_791.RPOB;rifampicin;0;1;0;0;0
GMGC10.024_071_175.RBPA;rifampicin;0;1;0;0;0
GMGC10.024_074_511.RPOB;rifampicin;0;1;0;0;0
GMGC10.024_117_399.MTRA;Multidrug_efflux;0;1;0;0;0
GMGC10.024_117_818.RBPA;rifampicin;0;1;0;0;0
GMGC10.024_125_311.RPOB;rifampicin;0;1;0;0;0
GMGC10.024_129_276.RPOB;rifampicin;0;1;0;0;0
GMGC10.024_140_279.RPOB;rifampicin;0;1;0;0;0
GMGC10.024_168_132.RPOB;rifampicin;0;1;0;0;0
GMGC10.024_176_091.RPOB;rifampicin;0;1;0;0;0
GMGC10.024_177_694.MTRA;Multidrug_efflux;0;1;0;0;0
GMGC10.024_194_538.RPOB;rifampicin;0;1;0;0;0
GMGC10.024_202_675.SMVA;MLS;0;1;0;0;0
GMGC10.024_364_425.MTRA;Multidrug_efflux;0;1;0;0;0
GMGC10.024_455_507.FOLA;Sulfonamide/trimethoprim;0;0;0;0;1
GMGC10.024_455_544.DDL;Glycopeptide/Cycloserine;0;0;0;0;1
GMGC10.024_630_777.VANR;Glycopeptide/Cycloserine;0;0;1;0;0
GMGC10.024_636_213.ACRB;Multidrug_efflux;0;1;0;0;0
GMGC10.024_636_214.OPRM;Multidrug_efflux;0;1;0;0;0
GMGC10.024_639_155.DDL;Glycopeptide/Cycloserine;0;0;0;0;1
GMGC10.024_645_706.DDL;Glycopeptide/Cycloserine;0;0;0;0;1
GMGC10.024_651_705.PPS;rifampicin;1;0;1;0;0
GMGC10.024_684_444.SCLAV_4187;blactamase;1;0;0;0;0
GMGC10.024_738_214.RPOB;rifampicin;0;1;0;0;0
GMGC10.024_741_021.MTRA;Multidrug_efflux;0;1;0;0;0
GMGC10.024_744_183.MTRA;Multidrug_efflux;0;1;0;0;0
GMGC10.024_746_090.RPOB;rifampicin;0;1;0;0;0
GMGC10.024_751_956.RPOB;rifampicin;0;1;0;0;0
GMGC10.024_781_638.SMVA;MLS;0;1;0;0;0
GMGC10.024_807_200.AMPH;blactamase;1;1;1;1;1
GMGC10.024_884_198.MTRC;Multidrug_efflux;0;1;0;0;0
GMGC10.024_936_708.YBXI;blactamase;1;1;1;1;0
GMGC10.025_366_172.RPOB;rifampicin;0;1;0;0;0
GMGC10.025_549_323.UNKNOWN;quinolone;0;1;0;0;0
GMGC10.025_587_624.PPS;rifampicin;0;0;1;0;0
GMGC10.025_630_968.CUTR;Glycopeptide/Cycloserine;0;0;1;0;0
GMGC10.025_717_891.CMX;phenicol;1;1;1;0;0
GMGC10.025_741_426.PARE;aminocoumarin;0;1;0;0;0
GMGC10.025_779_298.RPOB;rifampicin;0;1;0;0;0
GMGC10.026_035_661.RPOB;rifampicin;0;1;0;0;0
GMGC10.026_123_763.PARE;aminocoumarin;0;1;0;0;0
GMGC10.026_131_400.RBPA;rifampicin;0;1;0;0;0
GMGC10.026_146_237.RPOB;rifampicin;0;1;0;0;0
GMGC10.026_214_234.PPS;rifampicin;1;1;1;0;0
GMGC10.026_413_142.ACRF;Multidrug_efflux;0;1;0;0;0
GMGC10.026_422_671.EMRA;Multidrug_efflux;0;1;0;0;0
GMGC10.026_688_126.SCLAV_4187;blactamase;1;0;0;0;0
GMGC10.026_745_552.SMVA;MLS;0;1;0;0;0
GMGC10.026_773_422.RPOB;rifampicin;0;1;0;0;0
GMGC10.026_856_431.MEXF;Multidrug_efflux;0;1;0;0;0
GMGC10.026_917_163.EMRB;quinolone;0;1;0;0;0
GMGC10.027_000_483.RPOB;rifampicin;0;1;0;0;0
GMGC10.027_049_799.RPOB;rifampicin;0;1;0;0;0
GMGC10.027_053_022.MTRA;Multidrug_efflux;0;1;0;0;0
GMGC10.027_067_690.MTRA;Multidrug_efflux;0;1;0;0;0
GMGC10.027_068_826.RPOB;rifampicin;0;1;0;0;0
GMGC10.027_077_038.RPOB;rifampicin;0;1;0;0;0
GMGC10.027_086_067.MTRA;Multidrug_efflux;0;1;0;0;0
GMGC10.027_090_460.MTRA;Multidrug_efflux;0;1;0;0;0
GMGC10.027_096_113.MTRA;Multidrug_efflux;0;1;0;0;0
GMGC10.027_116_045.MTRA;Multidrug_efflux;0;1;0;0;0
GMGC10.027_121_620.RBPA;rifampicin;0;1;0;0;0
GMGC10.027_123_339.RPOB;rifampicin;0;1;0;0;0
GMGC10.027_128_620.RPOB;rifampicin;0;1;0;0;0
GMGC10.027_153_359.BMUL_6154;bleomycin;0;0;1;0;0
GMGC10.027_182_366.PPS;rifampicin;0;0;1;0;0
GMGC10.027_245_169.PPS;rifampicin;0;1;1;0;0
GMGC10.027_249_544.PARE;aminocoumarin;0;1;0;0;0
GMGC10.027_306_821.NORA;Multidrug_efflux;0;1;0;0;0
GMGC10.027_315_430.COPY;blactamase;1;0;1;0;0
GMGC10.027_336_610.RPOB;rifampicin;0;1;0;0;0
GMGC10.027_384_154.PARE;aminocoumarin;0;1;0;0;0
GMGC10.027_478_637.MDTB;Multidrug_efflux;0;1;0;0;0
GMGC10.027_482_169.UPPP;peptide;0;1;0;0;0
GMGC10.027_500_253.MDTC;Multidrug_efflux;0;1;0;0;0
GMGC10.027_501_036.MEXF;Multidrug_efflux;1;1;1;1;0
GMGC10.027_521_357.BLAR;blactamase;1;0;1;0;0
GMGC10.027_551_831.CRP;Multidrug_efflux;0;1;0;0;0
GMGC10.027_561_888.BLA;blactamase;1;1;1;1;1
GMGC10.027_572_725.CRP;Multidrug_efflux;0;1;0;0;0
GMGC10.027_577_933.EMRA;Multidrug_efflux;0;1;0;0;0
GMGC10.027_584_168.CRP;Multidrug_efflux;0;1;0;0;0
GMGC10.027_585_486.CRP;Multidrug_efflux;0;1;0;0;0
GMGC10.027_588_617.CRP;Multidrug_efflux;0;1;0;0;0
GMGC10.027_770_260.CRP;Multidrug_efflux;0;1;0;0;0
GMGC10.027_916_687.BMUL_1519;Multidrug_efflux;0;1;0;0;0
GMGC10.027_969_544.MEXF;Multidrug_efflux;0;1;0;0;0
GMGC10.027_980_255.DDL;Glycopeptide/Cycloserine;0;0;0;0;1
GMGC10.028_007_492.CUTR;Glycopeptide/Cycloserine;0;0;1;0;0
GMGC10.028_170_121.RPOB;rifampicin;0;1;0;0;0
GMGC10.028_330_326.BLA;blactamase;1;1;1;0;0
GMGC10.028_822_738.PARE;aminocoumarin;0;1;0;0;0
GMGC10.028_876_616.PPS;rifampicin;1;1;1;0;0
GMGC10.028_961_638.RPOB;rifampicin;0;1;0;0;0
GMGC10.029_052_710.DDL;Glycopeptide/Cycloserine;0;0;0;0;1
GMGC10.029_067_706.PARE;aminocoumarin;0;1;0;0;0
GMGC10.029_083_285.MEXD;Multidrug_efflux;0;1;0;0;0
GMGC10.029_119_013.UNKNOWN;MLS;1;1;1;0;0
GMGC10.029_122_336.SSCG_02866;aminocoumarin;0;1;0;0;0
GMGC10.029_124_594.BMUL_1519;Multidrug_efflux;0;1;0;0;0
GMGC10.029_144_304.PARE;aminocoumarin;0;1;0;0;0
GMGC10.029_181_391.SSCG_02866;aminocoumarin;0;1;0;0;0
GMGC10.029_182_510.PARE;aminocoumarin;0;1;0;0;0
GMGC10.029_541_782.RPOB;rifampicin;0;1;0;0;0
GMGC10.029_580_319.MBL1;blactamase;1;0;0;0;0
GMGC10.029_668_787.MEXF;Multidrug_efflux;0;1;0;0;0
GMGC10.029_858_435.DDL;Glycopeptide/Cycloserine;0;0;0;0;1
GMGC10.029_949_174.PPS;rifampicin;1;1;1;0;0
GMGC10.030_070_454.RBPA;rifampicin;0;1;0;0;0
GMGC10.030_096_453.RPOB;rifampicin;0;1;0;0;0
GMGC10.030_439_734.ACRF;Multidrug_efflux;0;1;0;0;0
GMGC10.030_589_020.ERMX;MLS;1;1;0;1;0
GMGC10.030_731_072.PPS;rifampicin;0;0;1;0;0
GMGC10.030_818_390.DDL;Glycopeptide/Cycloserine;0;0;0;0;1
GMGC10.030_913_577.YEGN;Multidrug_efflux;0;1;0;0;0
GMGC10.031_016_017.PPS;rifampicin;1;1;1;0;0
GMGC10.031_116_000.RPOB;rifampicin;0;1;0;0;0
GMGC10.031_289_645.CUTR;Glycopeptide/Cycloserine;0;0;1;0;0
GMGC10.031_328_890.CPXR;Multidrug_efflux;0;1;0;0;0
GMGC10.031_463_011.DDL;Glycopeptide/Cycloserine;0;0;0;0;1
GMGC10.031_722_181.TETB;cycline;1;1;1;1;0
GMGC10.031_760_165.CPHA;blactamase;1;1;1;1;0
GMGC10.031_930_275.ACRA;Multidrug_efflux;0;1;0;0;0
GMGC10.031_930_276.ACRB;Multidrug_efflux;0;1;0;0;0
GMGC10.032_118_404.MEXF;Multidrug_efflux;0;1;0;0;0
GMGC10.032_118_707.DDL;Glycopeptide/Cycloserine;0;0;0;0;1
GMGC10.032_391_741.MEXF;Multidrug_efflux;0;1;0;0;0
GMGC10.032_639_885.MEXF;Multidrug_efflux;0;1;0;0;0
GMGC10.032_960_610.SCLAV_1890;MLS;1;1;1;1;0
GMGC10.033_091_450.AADA;aminoside;1;1;1;1;1
GMGC10.033_132_895.TOLC;Multidrug_efflux;0;1;0;0;0
GMGC10.033_141_488.VANYB;Glycopeptide/Cycloserine;0;0;1;0;0
GMGC10.033_212_645.ACRB;Multidrug_efflux;0;1;0;0;0
GMGC10.033_274_600.CUTR;Glycopeptide/Cycloserine;0;0;1;0;0
GMGC10.033_303_019.EMRB;Multidrug_efflux;0;1;0;0;0
GMGC10.034_027_806.RPOB;rifampicin;0;1;0;0;0
GMGC10.034_030_717.BMUL_1519;Multidrug_efflux;0;1;0;0;0
GMGC10.034_037_331.CRP;Multidrug_efflux;0;1;0;0;0
GMGC10.034_037_396.ACRB;Multidrug_efflux;0;1;0;0;0
GMGC10.034_050_817.TETR;cycline;1;1;1;1;1
GMGC10.034_197_348.ACRD;aminoside;0;1;0;0;0
GMGC10.034_464_165.EMRB;quinolone;0;1;0;0;0
GMGC10.034_793_816.MDTB;Multidrug_efflux;0;1;0;0;0
GMGC10.035_080_746.PARE;aminocoumarin;0;1;0;0;0
GMGC10.035_108_967.RPOB;rifampicin;0;1;0;0;0
GMGC10.035_236_504.MEXD;Multidrug_efflux;0;1;0;0;0
GMGC10.035_236_937.MEXF;Multidrug_efflux;0;1;0;0;0
GMGC10.035_722_830.PARE;aminocoumarin;0;1;0;0;0
GMGC10.035_750_669.RPOB;rifampicin;0;1;0;0;0
GMGC10.035_879_752.PARE;aminocoumarin;0;1;0;0;0
GMGC10.035_898_320.UNKNOWN;phenicol;1;1;1;0;0
GMGC10.035_907_949.TETP;cycline;0;0;1;1;0
GMGC10.035_914_351.PARE;aminocoumarin;0;1;0;0;0
GMGC10.035_915_312.CUTR;Glycopeptide/Cycloserine;0;0;1;0;0
GMGC10.035_942_889.PARE;aminocoumarin;0;1;0;0;0
GMGC10.035_946_712.PARE;aminocoumarin;0;1;0;0;0
GMGC10.035_946_980.YJIC;MLS;1;1;1;0;0
GMGC10.035_960_744.SSCG_02866;aminocoumarin;0;1;0;0;0
GMGC10.035_962_668.PARE;aminocoumarin;0;1;0;0;0
GMGC10.035_981_757.ACRD;aminoside;0;1;0;0;0
GMGC10.036_015_996.PARE;aminocoumarin;0;1;0;0;0
GMGC10.036_018_143.UNKNOWN;phenicol;1;1;1;0;0
GMGC10.036_281_809.MEXF;Multidrug_efflux;0;1;0;0;0
GMGC10.036_292_136.PPS;rifampicin;1;1;1;0;0
GMGC10.036_369_059.RPOB;rifampicin;0;1;0;0;0
GMGC10.036_417_512.BMUL_1519;Multidrug_efflux;0;1;0;0;0
GMGC10.036_418_204.CPXR;Multidrug_efflux;0;1;0;0;0
GMGC10.036_418_499.ACRB;Multidrug_efflux;0;1;0;0;0
GMGC10.036_539_662.DDL;Glycopeptide/Cycloserine;0;0;0;0;1
GMGC10.036_541_823.MEXF;Multidrug_efflux;0;1;0;0;0
GMGC10.036_662_863.ACRB;Multidrug_efflux;0;1;0;0;0
GMGC10.036_664_805.RPOB;rifampicin;0;1;0;0;0
GMGC10.036_664_868.MTRA;Multidrug_efflux;0;1;0;0;0
GMGC10.037_250_623.LMRD;quinolone;0;1;0;0;0
GMGC10.037_600_241.CRP;Multidrug_efflux;0;1;0;0;0
GMGC10.037_791_251.RPOB;rifampicin;0;1;0;0;0
GMGC10.037_917_710.RPOB;rifampicin;0;1;0;0;0
GMGC10.037_954_522.MTRA;Multidrug_efflux;0;1;0;0;0
GMGC10.037_954_876.RPOB;rifampicin;0;1;0;0;0
GMGC10.037_955_757.UNKNOWN;quinolone;0;1;0;0;0
GMGC10.038_116_669.PPS;rifampicin;1;1;1;0;0
GMGC10.038_145_672.STRA;aminoside;1;1;1;1;0
GMGC10.038_293_013.RPOB;rifampicin;0;1;0;0;0
GMGC10.038_296_512.RBPA;rifampicin;0;1;0;0;0
GMGC10.038_299_280.RPOB;rifampicin;0;1;0;0;0
GMGC10.038_309_139.RPOB;rifampicin;0;1;0;0;0
GMGC10.038_316_365.MTRA;Multidrug_efflux;0;1;0;0;0
GMGC10.038_316_431.RPOB;rifampicin;0;1;0;0;0
GMGC10.038_324_363.MTRA;Multidrug_efflux;0;1;0;0;0
GMGC10.038_327_530.RPOB;rifampicin;0;1;0;0;0
GMGC10.038_330_366.RPOB;rifampicin;0;1;0;0;0
GMGC10.038_335_493.MTRA;Multidrug_efflux;0;1;0;0;0
GMGC10.038_339_402.RPOB;rifampicin;0;1;0;0;0
GMGC10.038_344_802.RBPA;rifampicin;0;1;0;0;0
GMGC10.038_353_285.MTRA;Multidrug_efflux;0;1;0;0;0
GMGC10.038_356_710.RPOB;rifampicin;0;1;0;0;0
GMGC10.038_364_052.MTRA;Multidrug_efflux;0;1;0;0;0
GMGC10.038_366_053.RPOB;rifampicin;0;1;0;0;0
GMGC10.038_369_926.RPOB;rifampicin;0;1;0;0;0
GMGC10.038_376_391.MTRA;Multidrug_efflux;0;1;0;0;0
GMGC10.038_381_217.RPOB;rifampicin;0;1;0;0;0
GMGC10.038_385_669.MTRA;Multidrug_efflux;0;1;0;0;0
GMGC10.038_386_404.RPOB;rifampicin;0;1;0;0;0
GMGC10.038_389_506.RPOB;rifampicin;0;1;0;0;0
GMGC10.038_391_447.MTRA;Multidrug_efflux;0;1;0;0;0
GMGC10.038_396_904.RPOB;rifampicin;0;1;0;0;0
GMGC10.038_411_630.RPOB;rifampicin;0;1;0;0;0
GMGC10.038_454_072.RPOB;rifampicin;0;1;0;0;0
GMGC10.038_577_619.EMRA;quinolone;0;1;0;0;0
GMGC10.038_583_126.MDTB;Multidrug_efflux;0;1;0;0;0
GMGC10.038_674_994.MTRA;Multidrug_efflux;0;1;0;0;0
GMGC10.038_772_863.CRP;Multidrug_efflux;0;1;0;0;0
GMGC10.038_967_098.DDL;Glycopeptide/Cycloserine;0;0;0;0;1
GMGC10.039_002_093.DDL;Glycopeptide/Cycloserine;0;0;0;0;1
GMGC10.039_253_587.DDL;Glycopeptide/Cycloserine;0;0;0;0;1
GMGC10.039_483_531.RPOB;rifampicin;0;1;0;0;0
GMGC10.039_646_536.UNKNOWN;Glycopeptide/Cycloserine;0;0;1;0;0
GMGC10.039_905_753.PPS;rifampicin;1;1;1;0;0
GMGC10.039_971_535.FOLP;Sulfonamide/trimethoprim;1;1;1;1;1
GMGC10.039_983_472.RPOB;rifampicin;0;1;0;0;0
GMGC10.039_998_444.CUTR;Glycopeptide/Cycloserine;0;0;1;0;0
GMGC10.040_067_584.MTRA;Multidrug_efflux;0;1;0;0;0
GMGC10.040_407_258.PPS;rifampicin;0;1;1;0;0
GMGC10.040_427_212.PPS;rifampicin;1;1;1;0;0
GMGC10.040_503_088.DDL;Glycopeptide/Cycloserine;0;0;0;0;1
GMGC10.040_700_381.BMUL_1519;Multidrug_efflux;0;1;0;0;0
GMGC10.040_780_728.DDL;Glycopeptide/Cycloserine;0;0;0;0;1
GMGC10.040_909_322.AMPH;blactamase;1;1;1;1;1
GMGC10.040_909_767.DDL;Glycopeptide/Cycloserine;0;0;0;0;1
GMGC10.041_085_345.BLA;blactamase;1;0;1;1;0
GMGC10.041_219_804.DDL;Glycopeptide/Cycloserine;0;0;0;0;1
GMGC10.041_293_443.PARE;aminocoumarin;0;1;0;0;0
GMGC10.041_491_419.PPS;rifampicin;0;0;1;0;0
GMGC10.042_076_901.ACRB;Multidrug_efflux;0;1;0;0;0
GMGC10.042_143_200.PPS;rifampicin;1;1;1;0;0
GMGC10.042_177_205.ACRB;Multidrug_efflux;0;1;0;0;0
GMGC10.042_325_272.MDTO;Multidrug_efflux;0;1;0;0;0
GMGC10.042_325_377.MURP;blactamase;1;1;0;0;0
GMGC10.042_325_475.UNKNOWN;Multidrug_efflux;0;1;0;0;0
GMGC10.042_325_890.MDTB;Multidrug_efflux;0;1;0;0;0
GMGC10.042_832_378.CUTR;Glycopeptide/Cycloserine;0;0;1;0;0
GMGC10.043_049_395.PPS;rifampicin;1;1;1;0;0
GMGC10.043_085_601.MDTC;Multidrug_efflux;0;1;0;0;0
GMGC10.043_171_836.RPOB;rifampicin;0;1;0;0;0
GMGC10.043_172_866.RPOB;rifampicin;0;1;0;0;0
GMGC10.043_178_212.RPOB;rifampicin;0;1;0;0;0
GMGC10.043_178_345.MTRA;Multidrug_efflux;0;1;0;0;0
GMGC10.043_179_759.RPOB;rifampicin;0;1;0;0;0
GMGC10.043_201_298.MTRA;Multidrug_efflux;0;1;0;0;0
GMGC10.043_218_811.BAES;Multidrug_efflux;0;1;0;0;0
GMGC10.043_559_033.ACRD;aminoside;0;1;0;0;0
GMGC10.043_567_561.MTRA;Multidrug_efflux;0;1;0;0;0
GMGC10.043_664_277.MEXF;Multidrug_efflux;0;1;0;0;0
GMGC10.043_836_049.CUTR;Glycopeptide/Cycloserine;0;0;1;0;0
GMGC10.044_205_832.EMRB;quinolone;0;1;0;0;0
GMGC10.044_435_015.ACRB;Multidrug_efflux;0;1;0;0;0
GMGC10.044_509_863.MEXE;Multidrug_efflux;0;1;0;0;0
GMGC10.044_509_864.MEXF;Multidrug_efflux;0;1;0;0;0
GMGC10.044_510_439.DDL;Glycopeptide/Cycloserine;0;0;0;0;1
GMGC10.044_638_299.CUTR;Glycopeptide/Cycloserine;0;0;1;0;0
GMGC10.045_080_986.RPOB;rifampicin;0;1;0;0;0
GMGC10.045_145_322.RPOB;rifampicin;0;1;0;0;0
GMGC10.045_224_667.MEXF;Multidrug_efflux;0;1;0;0;0
GMGC10.045_268_697.SSCG_02866;aminocoumarin;0;1;0;0;0
GMGC10.045_352_056.PARE;aminocoumarin;0;1;0;0;0
GMGC10.045_357_834.YJIC;MLS;1;1;1;0;0
GMGC10.045_517_261.PARE;aminocoumarin;0;1;0;0;0
GMGC10.045_603_312.SSCG_02866;aminocoumarin;0;1;0;0;0
GMGC10.045_605_285.PPS;rifampicin;1;1;1;0;0
GMGC10.045_606_358.PARE;aminocoumarin;0;1;0;0;0
GMGC10.045_795_722.PARE;aminocoumarin;0;1;0;0;0
GMGC10.045_835_197.DDL;Glycopeptide/Cycloserine;0;0;0;0;1
GMGC10.045_836_207.MEXF;Multidrug_efflux;0;1;0;0;0
GMGC10.045_891_282.VANS;Glycopeptide/Cycloserine;0;0;1;0;0
GMGC10.045_999_557.DDL;Glycopeptide/Cycloserine;0;0;0;0;1
GMGC10.046_121_375.PPS;rifampicin;1;1;1;0;0
GMGC10.046_190_675.DDL;Glycopeptide/Cycloserine;0;0;0;0;1
GMGC10.046_358_322.PPS;rifampicin;0;0;1;0;0
GMGC10.046_406_549.PPS;rifampicin;1;1;1;0;0
GMGC10.046_450_457.BMUL_1519;Multidrug_efflux;0;1;0;0;0
GMGC10.046_453_867.CPXR;Multidrug_efflux;0;1;0;0;0
GMGC10.046_526_061.ADER;Multidrug_efflux;0;1;0;0;0
GMGC10.046_531_661.AMPC;blactamase;1;1;1;0;1
GMGC10.046_549_658.BAER;aminoside;0;1;0;0;0
GMGC10.046_551_985.PPS;rifampicin;1;1;1;0;0
GMGC10.046_590_224.BLA;blactamase;0;0;0;0;1
GMGC10.047_073_740.DDL;Glycopeptide/Cycloserine;0;0;0;0;1
GMGC10.047_227_811.HYFJ;MLS;0;1;0;0;0
GMGC10.047_421_344.CRP;Multidrug_efflux;0;1;0;0;0
GMGC10.047_462_633.UNKNOWN;MLS;1;1;1;1;0
GMGC10.047_666_056.CRP;Multidrug_efflux;0;1;0;0;0
GMGC10.047_728_618.CRP;Multidrug_efflux;0;1;0;0;0
GMGC10.047_805_054.EVGS;Multidrug_efflux;0;1;0;0;0
GMGC10.047_968_276.CRP;Multidrug_efflux;0;1;0;0;0
GMGC10.048_253_881.ERMX;MLS;1;1;1;1;0
GMGC10.048_682_118.ERMA;MLS;1;1;1;1;0
GMGC10.049_146_031.CRP;Multidrug_efflux;0;1;0;0;0
GMGC10.049_274_220.CRP;Multidrug_efflux;0;1;0;0;0
GMGC10.050_681_996.CRP;Multidrug_efflux;0;1;0;0;0
GMGC10.050_714_558.ERMX;MLS;1;1;1;1;0
GMGC10.050_941_258.ERMX;MLS;1;1;1;1;0
GMGC10.050_953_207.CRP;Multidrug_efflux;0;1;0;0;0
GMGC10.050_954_774.EVGS;Multidrug_efflux;0;1;0;0;0
GMGC10.051_145_530.CRP;Multidrug_efflux;0;1;0;0;0
GMGC10.051_249_049.CRP;Multidrug_efflux;0;1;0;0;0
GMGC10.051_428_618.CRP;Multidrug_efflux;0;1;0;0;0
GMGC10.051_430_439.UGD;peptide;0;1;0;0;0
GMGC10.051_665_094.CRP;Multidrug_efflux;0;1;0;0;0
GMGC10.051_741_046.AADA;aminoside;1;1;1;1;1
GMGC10.052_343_019.ERMX;MLS;1;1;1;1;0
GMGC10.052_526_242.CRP;Multidrug_efflux;0;1;0;0;0
GMGC10.052_580_468.CRP;Multidrug_efflux;0;1;0;0;0
GMGC10.053_017_895.CRP;Multidrug_efflux;0;1;0;0;0
GMGC10.053_502_492.GADW;Multidrug_efflux;0;1;0;0;0
GMGC10.053_518_929.TETA;cycline;1;1;1;1;1
GMGC10.053_943_752.GADW;Multidrug_efflux;0;1;0;0;0
GMGC10.054_170_494.UNKNOWN;MLS;1;1;1;1;0
GMGC10.054_221_371.CRP;Multidrug_efflux;0;1;0;0;0
GMGC10.054_260_944.UNKNOWN;blactamase;0;0;0;0;1
GMGC10.054_297_047.CRP;Multidrug_efflux;0;1;0;0;0
GMGC10.054_629_957.CAT;phenicol;1;1;1;1;1
GMGC10.054_642_263.EVGA;Multidrug_efflux;0;1;0;0;0
GMGC10.054_678_768.ERMX;MLS;1;1;1;1;0
GMGC10.054_709_078.CRP;Multidrug_efflux;0;1;0;0;0
GMGC10.054_812_304.CRP;Multidrug_efflux;0;1;0;0;0
GMGC10.054_857_614.UNKNOWN;MLS;1;1;1;1;0
GMGC10.055_059_707.ERMX;MLS;1;1;1;1;0
GMGC10.055_103_433.CRP;Multidrug_efflux;0;1;0;0;0
GMGC10.055_339_842.MEXE;Multidrug_efflux;1;1;1;1;0
GMGC10.055_340_411.FOSB;fosfomycin;1;1;1;1;0
GMGC10.055_341_508.MDTI;Multidrug_efflux;0;1;0;0;0
GMGC10.055_454_403.CRP;Multidrug_efflux;0;1;0;0;0
GMGC10.055_533_334.GADW;Multidrug_efflux;0;1;0;0;0
GMGC10.055_544_631.ACRA;Multidrug_efflux;0;1;0;0;0
GMGC10.055_557_467.HYFJ;MLS;0;1;0;0;0
GMGC10.055_606_317.CRP;Multidrug_efflux;0;1;0;0;0
GMGC10.055_638_978.ERMX;MLS;1;1;1;1;0
GMGC10.055_701_539.ERMX;MLS;1;1;1;1;0
GMGC10.055_701_630.CRP;Multidrug_efflux;0;1;0;0;0
GMGC10.055_719_749.UGD;peptide;0;1;0;0;0
GMGC10.055_724_910.CRP;Multidrug_efflux;0;1;0;0;0
GMGC10.055_747_174.CMR;Multidrug_efflux;0;1;0;1;0
GMGC10.055_763_841.FOLA;Sulfonamide/trimethoprim;0;0;0;0;1
GMGC10.055_829_453.ACRA;Multidrug_efflux;0;1;0;0;0
GMGC10.055_868_453.CRP;Multidrug_efflux;0;1;0;0;0
GMGC10.055_966_170.CRP;Multidrug_efflux;0;1;0;0;0
GMGC10.056_197_008.MSBA;nitroimidazole;0;1;0;0;0
GMGC10.056_206_226.MDTM;Multidrug_efflux;0;1;0;0;0
GMGC10.056_358_535.CRP;Multidrug_efflux;0;1;0;0;0
GMGC10.056_426_849.BLA;blactamase;1;1;1;1;1
GMGC10.056_896_404.CRP;Multidrug_efflux;0;1;0;0;0
GMGC10.056_978_333.CPHA;blactamase;1;1;1;1;0
GMGC10.057_170_567.TOLC;Multidrug_efflux;0;1;0;0;0
GMGC10.057_267_143.CRP;Multidrug_efflux;0;1;0;0;0
GMGC10.145_590_047.FOLP;Sulfonamide/trimethoprim;1;1;1;1;1
GMGC10.145_598_035.CRP;Multidrug_efflux;0;1;0;0;0
GMGC10.145_598_553.ERMA;MLS;1;1;1;1;0
GMGC10.145_626_395.EMRA;Multidrug_efflux;0;1;0;0;0
GMGC10.145_712_738.ERMX;MLS;1;1;1;1;0
GMGC10.145_755_523.HNS;Multidrug_efflux;0;1;0;0;0
GMGC10.145_776_379.CRP;Multidrug_efflux;0;1;0;0;0
GMGC10.145_779_096.STRB;aminoside;1;1;1;1;0
GMGC10.145_803_874.CRP;Multidrug_efflux;0;1;0;0;0
GMGC10.145_918_016.EMRB;quinolone;0;1;0;0;0
GMGC10.145_958_904.ACRA;Multidrug_efflux;0;1;0;0;0
GMGC10.146_036_295.FOLP;Sulfonamide/trimethoprim;1;1;0;1;1
GMGC10.146_060_460.MDT(A);MLS;1;1;1;1;0
GMGC10.146_160_083.UGD;peptide;0;1;0;0;0
GMGC10.146_276_726.QNR;quinolone;0;1;1;1;0
GMGC10.146_278_615.EMRB;quinolone;0;1;0;0;0
GMGC10.146_404_805.EMRB;quinolone;0;1;0;0;0
GMGC10.146_412_199.FOSB;fosfomycin;1;1;1;1;0
GMGC10.146_439_094.EMRB;Multidrug_efflux;0;1;0;0;0
GMGC10.146_453_409.CAT;phenicol;0;0;0;0;1
GMGC10.146_478_289.CRP;Multidrug_efflux;0;1;0;0;0
GMGC10.146_587_033.MSBA;nitroimidazole;0;1;0;0;0
GMGC10.146_649_969.ACRA;Multidrug_efflux;0;1;0;0;0
GMGC10.146_653_412.UNKNOWN;MLS;1;0;1;1;0
GMGC10.146_868_492.MEXF;Multidrug_efflux;1;0;1;1;0
GMGC10.146_876_888.CRP;Multidrug_efflux;0;1;0;0;0
GMGC10.146_920_321.BAER;aminoside;0;1;0;0;0
GMGC10.147_027_336.DDL;Glycopeptide/Cycloserine;0;0;0;0;1
GMGC10.147_028_002.UGD;peptide;0;1;0;0;0
GMGC10.147_124_586.UGD;peptide;0;1;0;0;0
GMGC10.150_329_216.TETA;cycline;1;1;1;1;1
GMGC10.151_170_309.DDL;Glycopeptide/Cycloserine;0;0;0;0;1
GMGC10.151_671_219.CUTR;Glycopeptide/Cycloserine;0;0;1;0;0
GMGC10.151_699_295.UNKNOWN;blactamase;0;0;0;0;1
GMGC10.151_813_315.CUTR;Glycopeptide/Cycloserine;0;0;1;0;0
GMGC10.151_825_058.YBXI;blactamase;0;0;0;0;1
GMGC10.151_837_700.CUTR;Glycopeptide/Cycloserine;0;0;1;0;0
GMGC10.151_892_987.CUTR;Glycopeptide/Cycloserine;0;0;1;0;0
GMGC10.151_937_483.CUTR;Glycopeptide/Cycloserine;0;0;1;0;0
GMGC10.152_166_187.UNKNOWN;Glycopeptide/Cycloserine;0;0;1;0;0
GMGC10.152_238_735.CUTR;Glycopeptide/Cycloserine;0;0;1;0;0
GMGC10.152_314_867.DDL;Glycopeptide/Cycloserine;0;0;1;0;0
GMGC10.152_317_377.CUTR;Glycopeptide/Cycloserine;0;0;1;0;0
GMGC10.152_408_044.VANX;Glycopeptide/Cycloserine;0;0;1;0;0
GMGC10.152_417_961.CUTR;Glycopeptide/Cycloserine;0;0;1;0;0
GMGC10.152_833_579.FOLA;Sulfonamide/trimethoprim;0;0;0;0;1
GMGC10.152_853_366.FOLA;Sulfonamide/trimethoprim;0;0;0;0;1
GMGC10.153_184_313.VANX;Glycopeptide/Cycloserine;0;0;1;0;0
GMGC10.153_506_877.CUTR;Glycopeptide/Cycloserine;0;0;1;0;0
GMGC10.153_535_206.CUTR;Glycopeptide/Cycloserine;0;0;1;0;0
GMGC10.153_851_519.CUTR;Glycopeptide/Cycloserine;0;0;1;0;0
GMGC10.153_865_965.CUTR;Glycopeptide/Cycloserine;0;0;1;0;0
GMGC10.154_237_245.CUTR;Glycopeptide/Cycloserine;0;0;1;0;0
GMGC10.154_360_728.VANX;Glycopeptide/Cycloserine;0;0;1;0;0
GMGC10.154_885_716.CUTR;Glycopeptide/Cycloserine;0;0;1;0;0
GMGC10.155_001_503.VANX;Glycopeptide/Cycloserine;0;0;1;0;0
GMGC10.155_036_178.CUTR;Glycopeptide/Cycloserine;0;0;1;0;0
GMGC10.155_736_511.CUTR;Glycopeptide/Cycloserine;0;0;1;0;0
GMGC10.155_788_018.CUTR;Glycopeptide/Cycloserine;0;0;1;0;0
GMGC10.155_881_124.CUTR;Glycopeptide/Cycloserine;0;0;1;0;0
GMGC10.156_350_236.UNKNOWN;blactamase;0;0;0;0;1
GMGC10.156_667_712.CUTR;Glycopeptide/Cycloserine;0;0;1;0;0
GMGC10.157_295_503.CUTR;Glycopeptide/Cycloserine;0;0;1;0;0
GMGC10.157_649_314.CUTR;Glycopeptide/Cycloserine;0;0;1;0;0
GMGC10.157_751_642.CUTR;Glycopeptide/Cycloserine;0;0;1;0;0
GMGC10.157_953_992.CUTR;Glycopeptide/Cycloserine;0;0;1;0;0
GMGC10.157_954_967.DDL;Glycopeptide/Cycloserine;0;0;0;0;1
GMGC10.158_181_325.RBPA;rifampicin;0;1;0;0;0
GMGC10.158_252_483.VANX;Glycopeptide/Cycloserine;0;0;1;0;0
GMGC10.158_371_982.CUTR;Glycopeptide/Cycloserine;0;0;1;0;0
GMGC10.158_595_407.CUTR;Glycopeptide/Cycloserine;0;0;1;0;0
GMGC10.158_768_417.CUTR;Glycopeptide/Cycloserine;0;0;1;0;0
GMGC10.158_853_336.UNKNOWN;Glycopeptide/Cycloserine;0;0;1;0;0
GMGC10.159_308_120.CUTR;Glycopeptide/Cycloserine;0;0;1;0;0
GMGC10.159_519_918.CUTR;Glycopeptide/Cycloserine;0;0;1;0;0
GMGC10.159_719_352.CUTR;Glycopeptide/Cycloserine;0;0;1;0;0
GMGC10.159_833_557.CUTR;Glycopeptide/Cycloserine;0;0;1;0;0
GMGC10.159_905_431.CUTR;Glycopeptide/Cycloserine;0;0;1;0;0
GMGC10.159_961_390.CUTR;Glycopeptide/Cycloserine;0;0;1;0;0
GMGC10.160_241_579.CUTR;Glycopeptide/Cycloserine;0;0;1;0;0
GMGC10.160_453_546.CUTR;Glycopeptide/Cycloserine;0;0;1;0;0
GMGC10.160_571_396.UNKNOWN;Glycopeptide/Cycloserine;0;0;1;0;0
GMGC10.160_683_836.CUTR;Glycopeptide/Cycloserine;0;0;1;0;0
GMGC10.160_697_860.VANX;Glycopeptide/Cycloserine;0;0;1;0;0
GMGC10.160_698_014.MTRA;Multidrug_efflux;0;1;0;0;0
GMGC10.160_825_146.CUTR;Glycopeptide/Cycloserine;0;0;1;0;0
GMGC10.161_194_211.DDL;Glycopeptide/Cycloserine;0;0;0;0;1
GMGC10.161_202_920.CUTR;Glycopeptide/Cycloserine;0;0;1;0;0
GMGC10.161_558_517.CUTR;Glycopeptide/Cycloserine;0;0;1;0;0
GMGC10.161_700_535.CUTR;Glycopeptide/Cycloserine;0;0;1;0;0
GMGC10.161_765_468.CUTR;Glycopeptide/Cycloserine;0;0;1;0;0
GMGC10.161_987_865.CUTR;Glycopeptide/Cycloserine;0;0;1;0;0
GMGC10.162_055_219.CUTR;Glycopeptide/Cycloserine;0;0;1;0;0
GMGC10.162_072_047.CUTR;Glycopeptide/Cycloserine;0;0;1;0;0
GMGC10.162_254_466.CUTR;Glycopeptide/Cycloserine;0;0;1;0;0
GMGC10.162_840_520.CUTR;Glycopeptide/Cycloserine;0;0;1;0;0
GMGC10.163_005_276.CUTR;Glycopeptide/Cycloserine;0;0;1;0;0
GMGC10.163_092_647.CUTR;Glycopeptide/Cycloserine;0;0;1;0;0
GMGC10.164_675_837.CUTR;Glycopeptide/Cycloserine;0;0;1;0;0
GMGC10.164_837_328.FOLA;Sulfonamide/trimethoprim;0;0;0;0;1
GMGC10.165_267_477.CUTR;Glycopeptide/Cycloserine;0;0;1;0;0
GMGC10.165_348_001.CUTR;Glycopeptide/Cycloserine;0;0;1;0;0
GMGC10.165_797_966.CUTR;Glycopeptide/Cycloserine;0;0;1;0;0
GMGC10.166_044_728.CUTR;Glycopeptide/Cycloserine;0;0;1;0;0
GMGC10.166_367_333.CUTR;Glycopeptide/Cycloserine;0;0;1;0;0
GMGC10.166_367_837.CUTR;Glycopeptide/Cycloserine;0;0;1;0;0
GMGC10.166_674_940.STAP;Glycopeptide/Cycloserine;0;0;1;0;0
GMGC10.166_754_386.RBPA;rifampicin;0;1;0;0;0
GMGC10.166_779_631.CUTR;Glycopeptide/Cycloserine;0;0;1;0;0
GMGC10.167_143_239.DDL;Glycopeptide/Cycloserine;0;0;0;0;1
GMGC10.167_321_896.MTRA;Multidrug_efflux;0;1;0;0;0
GMGC10.167_326_361.CUTR;Glycopeptide/Cycloserine;0;0;1;0;0
GMGC10.167_446_024.VANX;Glycopeptide/Cycloserine;0;0;1;0;0
GMGC10.167_722_675.CUTR;Glycopeptide/Cycloserine;0;0;1;0;0
GMGC10.168_009_407.CUTR;Glycopeptide/Cycloserine;0;0;1;0;0
GMGC10.168_101_722.CUTR;Glycopeptide/Cycloserine;0;0;1;0;0
GMGC10.168_245_092.CUTR;Glycopeptide/Cycloserine;0;0;1;0;0
GMGC10.168_290_321.CUTR;Glycopeptide/Cycloserine;0;0;1;0;0
GMGC10.168_489_380.CUTR;Glycopeptide/Cycloserine;0;0;1;0;0
GMGC10.168_602_251.FOLA;Sulfonamide/trimethoprim;0;0;0;0;1
GMGC10.168_880_620.CUTR;Glycopeptide/Cycloserine;0;0;1;0;0
GMGC10.169_083_363.CUTR;Glycopeptide/Cycloserine;0;0;1;0;0
GMGC10.169_126_262.DDL;Glycopeptide/Cycloserine;0;0;0;0;1
GMGC10.169_251_911.CUTR;Glycopeptide/Cycloserine;0;0;1;0;0
GMGC10.169_989_944.CUTR;Glycopeptide/Cycloserine;0;0;1;0;0
GMGC10.170_019_977.CUTR;Glycopeptide/Cycloserine;0;0;1;0;0
GMGC10.170_155_969.CUTR;Glycopeptide/Cycloserine;0;0;1;0;0
GMGC10.170_156_615.CUTR;Glycopeptide/Cycloserine;0;0;1;0;0
GMGC10.170_225_824.CUTR;Glycopeptide/Cycloserine;0;0;1;0;0
GMGC10.170_422_800.CUTR;Glycopeptide/Cycloserine;0;0;1;0;0
GMGC10.170_462_051.CUTR;Glycopeptide/Cycloserine;0;0;1;0;0
GMGC10.170_566_712.CUTR;Glycopeptide/Cycloserine;0;0;1;0;0
GMGC10.170_640_530.DDL;Glycopeptide/Cycloserine;0;0;0;0;1
GMGC10.170_745_508.VANX;Glycopeptide/Cycloserine;0;0;1;0;0
GMGC10.171_055_019.YBXI;blactamase;0;0;0;0;1
GMGC10.171_138_543.CUTR;Glycopeptide/Cycloserine;0;0;1;0;0
GMGC10.171_358_187.CUTR;Glycopeptide/Cycloserine;0;0;1;0;0
GMGC10.171_398_610.RBPA;rifampicin;0;1;0;0;0
GMGC10.171_409_470.CUTR;Glycopeptide/Cycloserine;0;0;1;0;0
GMGC10.171_578_949.CUTR;Glycopeptide/Cycloserine;0;0;1;0;0
GMGC10.171_614_151.CUTR;Glycopeptide/Cycloserine;0;0;1;0;0
GMGC10.171_792_300.CUTR;Glycopeptide/Cycloserine;0;0;1;0;0
GMGC10.171_962_297.CUTR;Glycopeptide/Cycloserine;0;0;1;0;0
GMGC10.172_223_600.CUTR;Glycopeptide/Cycloserine;0;0;1;0;0
GMGC10.172_298_361.CUTR;Glycopeptide/Cycloserine;0;0;1;0;0
GMGC10.172_336_396.CUTR;Glycopeptide/Cycloserine;0;0;1;0;0
GMGC10.172_417_631.CUTR;Glycopeptide/Cycloserine;0;0;1;0;0
GMGC10.172_479_771.CUTR;Glycopeptide/Cycloserine;0;0;1;0;0
GMGC10.172_621_284.CUTR;Glycopeptide/Cycloserine;0;0;1;0;0
GMGC10.173_510_806.UNKNOWN;Glycopeptide/Cycloserine;0;0;1;0;0
GMGC10.173_584_127.FOLA;Sulfonamide/trimethoprim;0;0;0;0;1
GMGC10.173_907_122.CUTR;Glycopeptide/Cycloserine;0;0;1;0;0
GMGC10.174_059_516.CUTR;Glycopeptide/Cycloserine;0;0;1;0;0
GMGC10.174_229_230.CUTR;Glycopeptide/Cycloserine;0;0;1;0;0
GMGC10.174_250_968.DDL;Glycopeptide/Cycloserine;0;0;0;0;1
GMGC10.178_654_985.CPXA;aminoside;0;1;0;0;0
GMGC10.178_655_102.TOLC;Multidrug_efflux;0;1;0;0;0
GMGC10.178_657_270.DDL;Glycopeptide/Cycloserine;0;0;0;0;1
GMGC10.178_659_088.MRDA;blactam_non_enz;1;0;0;0;0
GMGC10.179_098_775.ERMX;MLS;1;1;1;1;0
GMGC10.179_217_521.CPXA;aminoside;0;1;0;0;0
GMGC10.179_229_920.AMPC;blactamase;1;1;1;0;1
GMGC10.179_623_854.CRP;Multidrug_efflux;0;1;0;0;0
GMGC10.179_713_426.ERMA;MLS;1;1;1;1;0
GMGC10.179_985_115.DDL;Glycopeptide/Cycloserine;0;0;0;0;1
GMGC10.179_992_770.RBPA;rifampicin;0;1;0;0;0
GMGC10.180_111_225.DDL;Glycopeptide/Cycloserine;0;0;0;0;1
GMGC10.180_336_479.RBPA;rifampicin;0;1;0;0;0
GMGC10.180_353_024.FOLA;Sulfonamide/trimethoprim;0;0;0;0;1
GMGC10.182_129_881.ERMA;MLS;1;1;1;1;0
GMGC10.182_888_932.ERMX;MLS;1;1;1;1;0
GMGC10.183_099_281.CRP;Multidrug_efflux;0;1;0;0;0
GMGC10.183_103_660.EVGS;Multidrug_efflux;0;1;0;0;0
GMGC10.183_585_086.GADX;Multidrug_efflux;0;1;0;0;0
GMGC10.183_678_635.UNKNOWN;MLS;1;0;1;1;0
GMGC10.183_740_548.MDTE;Multidrug_efflux;0;1;0;0;0
GMGC10.183_941_376.EVGS;Multidrug_efflux;0;1;0;0;0
GMGC10.183_967_742.ERMX;MLS;1;1;1;1;0
GMGC10.184_423_187.MDTP;Multidrug_efflux;0;1;0;0;0
GMGC10.184_493_523.MDTN;Multidrug_efflux;0;1;0;0;0
GMGC10.184_560_339.CRP;Multidrug_efflux;0;1;0;0;0
GMGC10.184_648_506.BLA;blactamase;1;1;1;1;0
GMGC10.184_651_432.TOLC;Multidrug_efflux;0;1;0;0;0
GMGC10.184_761_777.ERMX;MLS;1;1;1;1;0
GMGC10.184_814_629.STRB;aminoside;0;1;1;1;0
GMGC10.184_815_219.MDTM;Multidrug_efflux;0;1;0;0;0
GMGC10.184_900_868.MRDA;blactam_non_enz;1;0;0;0;0
GMGC10.184_914_932.ERMX;MLS;1;1;1;1;0
GMGC10.185_145_879.TETP;cycline;1;1;1;1;0
GMGC10.185_236_477.EMRE;Disinfecting_agents_and_antiseptics;0;1;0;0;0
GMGC10.185_283_139.MDTG;Multidrug_efflux;0;1;0;0;0
GMGC10.185_477_634.CRP;Multidrug_efflux;0;1;0;0;0
GMGC10.185_793_953.SCLAV_1890;MLS;1;1;1;1;0
GMGC10.185_812_069.ERMA;MLS;1;1;1;1;0
GMGC10.185_863_275.CRP;Multidrug_efflux;0;1;0;0;0
GMGC10.186_050_811.CRP;Multidrug_efflux;0;1;0;0;0
GMGC10.186_072_415.ARNC;peptide;0;1;0;0;0
GMGC10.186_996_433.UNKNOWN;MLS;1;0;1;1;0
GMGC10.187_928_757.TOLC;Multidrug_efflux;0;1;0;0;0
GMGC10.189_023_750.DDL;Glycopeptide/Cycloserine;0;0;0;0;1
GMGC10.199_389_999.AADA;aminoside;1;1;1;1;1
GMGC10.200_845_494.DDL;Glycopeptide/Cycloserine;0;0;0;0;1
GMGC10.202_546_423.ERMX;MLS;1;1;1;1;0
GMGC10.202_823_901.ERMX;MLS;1;1;1;1;0
GMGC10.203_625_416.EMRA;quinolone;0;1;0;0;0
GMGC10.204_192_852.CRP;Multidrug_efflux;0;1;0;0;0
GMGC10.204_566_384.ERMX;MLS;1;1;1;1;0
GMGC10.204_991_838.BAER;aminoside;0;1;0;0;0
GMGC10.205_261_279.ERMX;MLS;1;1;1;0;0
GMGC10.205_529_100.CPXA;aminoside;0;1;0;0;0
GMGC10.206_746_384.EMRA;Multidrug_efflux;0;1;0;0;0
GMGC10.206_794_831.ERMX;MLS;1;1;1;1;0
GMGC10.206_916_734.CPXA;aminoside;0;1;0;0;0
GMGC10.206_935_764.UPPP;peptide;0;1;0;0;0
GMGC10.206_958_686.EMRE;Disinfecting_agents_and_antiseptics;0;1;0;0;0
GMGC10.206_976_414.UNKNOWN;blactamase;1;1;1;1;1
GMGC10.206_999_520.CRP;Multidrug_efflux;0;1;0;0;0
GMGC10.207_057_774.CRP;Multidrug_efflux;0;1;0;0;0
GMGC10.207_106_861.MDTN;Multidrug_efflux;0;1;0;0;0
GMGC10.207_122_261.MEXF;Multidrug_efflux;1;0;1;1;0
GMGC10.207_136_372.FOLA;Sulfonamide/trimethoprim;0;0;0;0;1
GMGC10.207_154_198.TOLC;Multidrug_efflux;0;1;0;0;0
GMGC10.207_654_211.CRP;Multidrug_efflux;0;1;0;0;0
GMGC10.207_793_175.AMPC;blactamase;1;1;1;0;1
GMGC10.207_793_818.EPTA;peptide;0;1;0;0;0
GMGC10.207_812_450.EPTA;peptide;0;1;0;0;0
GMGC10.207_823_314.EMRR;Multidrug_efflux;0;1;0;0;0
GMGC10.207_826_595.RAMA;Multidrug_efflux;0;1;0;0;0
GMGC10.207_826_737.AMPH;blactamase;1;0;0;0;0
GMGC10.207_829_645.MRDA;blactam_non_enz;1;0;0;0;0
GMGC10.207_830_977.MSBA;nitroimidazole;0;1;0;0;0
GMGC10.207_928_714.DDL;Glycopeptide/Cycloserine;0;0;0;0;1
GMGC10.207_949_185.MEXF;Multidrug_efflux;1;0;1;1;0
GMGC10.207_949_833.ACRA;Multidrug_efflux;0;1;0;0;0
GMGC10.208_054_170.CRP;Multidrug_efflux;0;1;0;0;0
GMGC10.208_310_585.EMRR;Multidrug_efflux;0;1;0;0;0
GMGC10.208_313_071.FOLA;Sulfonamide/trimethoprim;0;0;0;0;1
GMGC10.208_410_438.UNKNOWN;MLS;1;0;1;1;0
GMGC10.208_547_961.CRP;Multidrug_efflux;0;1;0;0;0
GMGC10.208_871_648.CRP;Multidrug_efflux;0;1;0;0;0
GMGC10.209_087_856.MDTG;Multidrug_efflux;0;1;0;0;0
GMGC10.209_536_750.CRP;Multidrug_efflux;0;1;0;0;0
GMGC10.210_664_591.CRP;Multidrug_efflux;0;1;0;0;0
GMGC10.210_725_862.CRP;Multidrug_efflux;0;1;0;0;0
GMGC10.210_957_460.EMRR;Multidrug_efflux;0;1;0;0;0
GMGC10.210_961_085.MDTM;Multidrug_efflux;0;1;0;0;0
GMGC10.210_983_811.EMRB;quinolone;0;1;0;0;0
GMGC10.210_984_201.MEXF;Multidrug_efflux;1;0;1;1;0
GMGC10.210_986_041.CMR;Multidrug_efflux;0;1;0;1;0
GMGC10.211_007_991.CRP;Multidrug_efflux;0;1;0;0;0
GMGC10.211_010_138.AMPC;blactamase;1;1;1;1;1
GMGC10.211_011_007.CPXA;aminoside;0;1;0;0;0
GMGC10.211_027_448.MRDA;blactam_non_enz;1;0;0;0;0
GMGC10.211_069_166.EMRA;Multidrug_efflux;0;1;0;0;0
GMGC10.211_104_350.EMRA;Multidrug_efflux;0;1;0;0;0
GMGC10.211_106_470.CPXA;aminoside;0;1;0;0;0
GMGC10.211_171_998.MDTP;Multidrug_efflux;0;1;0;0;0
GMGC10.211_173_673.DDL;Glycopeptide/Cycloserine;0;0;0;0;1
GMGC10.211_191_643.STRB;aminoside;1;1;1;1;0
GMGC10.211_194_967.EMRA;Multidrug_efflux;0;1;0;0;0
GMGC10.211_195_158.EMRA;Multidrug_efflux;0;1;0;0;0
GMGC10.211_268_579.MDTN;Multidrug_efflux;0;1;0;0;0
GMGC10.211_291_760.HNS;Multidrug_efflux;0;1;0;0;0
GMGC10.211_293_193.CRP;Multidrug_efflux;0;1;0;0;0
GMGC10.211_295_277.UPPP;peptide;0;1;0;0;0
GMGC10.211_301_344.CRP;Multidrug_efflux;0;1;0;0;0
GMGC10.211_322_182.CRP;Multidrug_efflux;0;1;0;0;0
GMGC10.211_361_146.EMRA;Multidrug_efflux;0;1;0;0;0
GMGC10.211_363_793.MSBA;nitroimidazole;0;1;0;0;0
GMGC10.211_406_499.DDL;Glycopeptide/Cycloserine;0;0;0;0;1
GMGC10.211_519_052.STRB;aminoside;1;1;1;1;0
GMGC10.211_705_276.CRP;Multidrug_efflux;0;1;0;0;0
GMGC10.211_731_846.CRP;Multidrug_efflux;0;1;0;0;0
GMGC10.211_755_826.MDTC;Multidrug_efflux;0;1;0;0;0
GMGC10.211_797_812.CRP;Multidrug_efflux;0;1;0;0;0
GMGC10.212_467_758.DDL;Glycopeptide/Cycloserine;0;0;0;0;1
GMGC10.213_131_447.DDL;Glycopeptide/Cycloserine;0;0;0;0;1
GMGC10.213_275_283.DDL;Glycopeptide/Cycloserine;0;0;0;0;1
GMGC10.213_335_907.CUTR;Glycopeptide/Cycloserine;0;0;1;0;0
GMGC10.213_628_107.VANX;Glycopeptide/Cycloserine;0;0;1;0;0
GMGC10.213_886_832.EFPA;rifampicin;0;1;0;0;0
GMGC10.213_915_050.CUTR;Glycopeptide/Cycloserine;0;0;1;0;0
GMGC10.215_040_160.RBPA;rifampicin;0;1;0;0;0
GMGC10.215_256_306.MTRA;Multidrug_efflux;0;1;0;0;0
GMGC10.215_778_829.VANX;Glycopeptide/Cycloserine;0;0;1;0;0
GMGC10.215_954_030.RBPA;rifampicin;0;1;0;0;0
GMGC10.216_511_507.CUTR;Glycopeptide/Cycloserine;0;0;1;0;0
GMGC10.216_624_516.DDL;Glycopeptide/Cycloserine;0;0;0;0;1
GMGC10.217_412_388.CUTR;Glycopeptide/Cycloserine;0;0;1;0;0
GMGC10.217_415_581.MTRA;Multidrug_efflux;0;1;0;0;0
GMGC10.218_509_266.DDL;Glycopeptide/Cycloserine;0;0;0;0;1
GMGC10.218_725_268.DDL;Glycopeptide/Cycloserine;0;0;0;0;1
GMGC10.218_920_592.FOLA;Sulfonamide/trimethoprim;0;0;0;0;1
GMGC10.219_304_808.RBPA;rifampicin;0;1;0;0;0
GMGC10.219_341_438.DDL;Glycopeptide/Cycloserine;0;0;1;0;0
GMGC10.219_383_255.RBPA;rifampicin;0;1;0;0;0
GMGC10.219_408_970.CUTR;Glycopeptide/Cycloserine;0;0;1;0;0
GMGC10.219_602_713.CUTR;Glycopeptide/Cycloserine;0;0;1;0;0
GMGC10.219_774_412.CUTR;Glycopeptide/Cycloserine;0;0;1;0;0
GMGC10.219_911_585.VANX;Glycopeptide/Cycloserine;0;0;1;0;0
GMGC10.219_911_586.DDL;Glycopeptide/Cycloserine;0;0;1;0;0
GMGC10.219_995_164.CUTR;Glycopeptide/Cycloserine;0;0;1;0;0
GMGC10.220_070_616.FOLA;Sulfonamide/trimethoprim;0;0;0;0;1
GMGC10.220_241_485.UNKNOWN;quinolone;0;1;0;0;0
GMGC10.220_267_291.MTRA;Multidrug_efflux;0;1;0;0;0
GMGC10.220_332_834.RBPA;rifampicin;0;1;0;0;0
GMGC10.220_431_418.CUTR;Glycopeptide/Cycloserine;0;0;1;0;0
GMGC10.220_488_033.CUTR;Glycopeptide/Cycloserine;0;0;1;0;0
GMGC10.220_489_343.CUTR;Glycopeptide/Cycloserine;0;0;1;0;0
GMGC10.220_529_729.UNKNOWN;aminoside;0;0;0;0;1
GMGC10.220_687_050.DDL;Glycopeptide/Cycloserine;0;0;1;0;0
GMGC10.220_841_803.UNKNOWN;Sulfonamide/trimethoprim;1;1;1;1;0
GMGC10.221_150_481.CUTR;Glycopeptide/Cycloserine;0;0;1;0;0
GMGC10.221_707_760.MTRA;Multidrug_efflux;0;1;0;0;0
GMGC10.221_976_537.CUTR;Glycopeptide/Cycloserine;0;0;1;0;0
GMGC10.222_014_586.CUTR;Glycopeptide/Cycloserine;0;0;1;0;0
GMGC10.222_207_076.RBPA;rifampicin;0;1;0;0;0
GMGC10.222_324_692.UNKNOWN;Sulfonamide/trimethoprim;1;1;1;1;0
GMGC10.222_383_177.FOLA;Sulfonamide/trimethoprim;0;0;0;0;1
GMGC10.222_565_036.FOLA;Sulfonamide/trimethoprim;0;0;0;0;1
GMGC10.222_633_924.FOLA;Sulfonamide/trimethoprim;0;0;0;0;1
GMGC10.222_968_615.MBL1;blactamase;0;0;0;0;1
GMGC10.223_050_531.CUTR;Glycopeptide/Cycloserine;0;0;1;0;0
GMGC10.223_134_363.RBPA;rifampicin;0;1;0;0;0
GMGC10.223_143_941.CUTR;Glycopeptide/Cycloserine;0;0;1;0;0
GMGC10.223_153_729.CUTR;Glycopeptide/Cycloserine;0;0;1;0;0
GMGC10.223_182_994.FOLA;Sulfonamide/trimethoprim;0;0;0;0;1
GMGC10.223_231_846.VANX;Glycopeptide/Cycloserine;0;0;1;0;0
GMGC10.223_242_834.FOLA;Sulfonamide/trimethoprim;0;0;0;0;1
GMGC10.223_375_987.DDL;Glycopeptide/Cycloserine;0;0;1;0;0
GMGC10.223_433_081.CUTR;Glycopeptide/Cycloserine;0;0;1;0;0
GMGC10.223_782_691.VANX;Glycopeptide/Cycloserine;0;0;1;0;0
GMGC10.223_805_577.UNKNOWN;blactamase;1;1;1;0;1
GMGC10.223_909_353.CUTR;Glycopeptide/Cycloserine;0;0;1;0;0
GMGC10.223_923_865.VANX;Glycopeptide/Cycloserine;0;0;1;0;0
GMGC10.224_091_070.CUTR;Glycopeptide/Cycloserine;0;0;1;0;0
GMGC10.224_343_553.CUTR;Glycopeptide/Cycloserine;0;0;1;0;0
GMGC10.224_381_508.VANX;Glycopeptide/Cycloserine;0;0;1;0;0
GMGC10.224_471_442.CUTR;Glycopeptide/Cycloserine;0;0;1;0;0
GMGC10.224_875_148.FOLA;Sulfonamide/trimethoprim;0;0;0;0;1
GMGC10.224_895_560.CUTR;Glycopeptide/Cycloserine;0;0;1;0;0
GMGC10.225_740_588.DDL;Glycopeptide/Cycloserine;0;0;0;0;1
GMGC10.225_958_174.DDL;Glycopeptide/Cycloserine;0;0;0;0;1
GMGC10.226_406_812.VANX;Glycopeptide/Cycloserine;0;0;1;0;0
GMGC10.226_731_417.VANX;Glycopeptide/Cycloserine;0;0;1;0;0
GMGC10.226_951_075.RBPA;rifampicin;0;1;0;0;0
GMGC10.227_084_738.MTRA;Multidrug_efflux;0;1;0;0;0
GMGC10.227_086_430.DDL;Glycopeptide/Cycloserine;0;0;0;0;1
GMGC10.227_613_146.RBPA;rifampicin;0;1;0;0;0
GMGC10.227_784_190.RBPA;rifampicin;0;1;0;0;0
GMGC10.227_790_184.CUTR;Glycopeptide/Cycloserine;0;0;1;0;0
GMGC10.228_154_484.RBPA;rifampicin;0;1;0;0;0
GMGC10.228_414_869.CUTR;Glycopeptide/Cycloserine;0;0;1;0;0
GMGC10.228_680_328.CUTR;Glycopeptide/Cycloserine;0;0;1;0;0
GMGC10.228_846_962.VANX;Glycopeptide/Cycloserine;0;0;1;0;0
GMGC10.228_856_772.CUTR;Glycopeptide/Cycloserine;0;0;1;0;0
GMGC10.228_891_464.RBPA;rifampicin;0;1;0;0;0
GMGC10.228_931_355.CUTR;Glycopeptide/Cycloserine;0;0;1;0;0
GMGC10.229_181_355.RBPA;rifampicin;0;1;0;0;0
GMGC10.229_482_404.CUTR;Glycopeptide/Cycloserine;0;0;1;0;0
GMGC10.230_223_468.CUTR;Glycopeptide/Cycloserine;0;0;1;0;0
GMGC10.230_440_215.DDL;Glycopeptide/Cycloserine;0;0;1;0;0
GMGC10.230_631_579.RBPA;rifampicin;0;1;0;0;0
GMGC10.230_660_612.RBPA;rifampicin;0;1;0;0;0
GMGC10.231_077_707.VANX;Glycopeptide/Cycloserine;0;0;1;0;0
GMGC10.231_267_882.VANX;Glycopeptide/Cycloserine;0;0;1;0;0
GMGC10.231_292_704.CUTR;Glycopeptide/Cycloserine;0;0;1;0;0
GMGC10.231_313_501.UNKNOWN;Glycopeptide/Cycloserine;0;0;1;0;0
GMGC10.231_767_586.MTRA;Multidrug_efflux;0;1;0;0;0
GMGC10.231_803_644.EFPA;rifampicin;0;1;0;0;0
GMGC10.231_879_161.RBPA;rifampicin;0;1;0;0;0
GMGC10.232_389_896.RBPA;rifampicin;0;1;0;0;0
GMGC10.232_843_612.CUTR;Glycopeptide/Cycloserine;0;0;1;0;0
GMGC10.233_254_776.RBPA;rifampicin;0;1;0;0;0
GMGC10.233_763_247.CUTR;Glycopeptide/Cycloserine;0;0;1;0;0
GMGC10.233_881_007.EFPA;rifampicin;0;1;0;0;0
GMGC10.234_280_510.UNKNOWN;aminoside;1;1;1;1;0
GMGC10.235_574_846.CUTR;Glycopeptide/Cycloserine;0;0;1;0;0
GMGC10.235_755_067.RBPA;rifampicin;0;1;0;0;0
GMGC10.235_773_496.DDL;Glycopeptide/Cycloserine;0;0;0;0;1
GMGC10.236_093_266.DDL;Glycopeptide/Cycloserine;0;0;0;0;1
GMGC10.236_162_885.AAC;aminoside;1;1;1;1;0
GMGC10.236_173_646.CUTR;Glycopeptide/Cycloserine;0;0;1;0;0
GMGC10.236_194_531.DDL;Glycopeptide/Cycloserine;0;0;0;0;1
GMGC10.236_381_464.RBPA;rifampicin;0;1;0;0;0
GMGC10.236_398_787.MTRA;Multidrug_efflux;0;1;0;0;0
GMGC10.236_569_403.RBPA;rifampicin;0;1;0;0;0
GMGC10.236_755_249.RBPA;rifampicin;0;1;0;0;0
GMGC10.236_905_250.MTRA;Multidrug_efflux;0;1;0;0;0
GMGC10.236_910_665.MTRA;Multidrug_efflux;0;1;0;0;0
GMGC10.237_028_074.MBL1;blactamase;1;1;1;0;0
GMGC10.237_245_421.RBPA;rifampicin;0;1;0;0;0
GMGC10.237_371_660.RBPA;rifampicin;0;1;0;0;0
GMGC10.237_664_531.MTRA;Multidrug_efflux;0;1;0;0;0
GMGC10.237_734_383.MTRA;Multidrug_efflux;0;1;0;0;0
GMGC10.237_788_558.MTRA;Multidrug_efflux;0;1;0;0;0
GMGC10.237_813_003.CUTR;Glycopeptide/Cycloserine;0;0;1;0;0
GMGC10.237_955_886.RBPA;rifampicin;0;1;0;0;0
GMGC10.238_188_332.MTRA;Multidrug_efflux;0;1;0;0;0
GMGC10.238_318_132.RBPA;rifampicin;0;1;0;0;0
GMGC10.238_424_538.FOLA;Sulfonamide/trimethoprim;0;0;0;0;1
GMGC10.238_583_145.CUTR;Glycopeptide/Cycloserine;0;0;1;0;0
GMGC10.238_718_751.AAC;aminoside;1;1;1;1;0
GMGC10.238_934_856.RBPA;rifampicin;0;1;0;0;0
GMGC10.238_962_563.RBPA;rifampicin;0;1;0;0;0
GMGC10.238_994_384.RBPA;rifampicin;0;1;0;0;0
GMGC10.239_066_253.VANX;Glycopeptide/Cycloserine;0;0;1;0;0
GMGC10.239_141_225.RBPA;rifampicin;0;1;0;0;0
GMGC10.239_176_288.MTRA;Multidrug_efflux;0;1;0;0;0
GMGC10.239_571_248.MTRA;Multidrug_efflux;0;1;0;0;0
GMGC10.239_587_854.UNKNOWN;aminoside;1;1;1;1;0
GMGC10.239_697_447.RBPA;rifampicin;0;1;0;0;0
GMGC10.239_781_737.MTRA;Multidrug_efflux;0;1;0;0;0
GMGC10.239_831_778.UNKNOWN;quinolone;0;1;0;0;0
GMGC10.239_939_306.RBPA;rifampicin;0;1;0;0;0
GMGC10.239_946_729.UNKNOWN;aminoside;1;1;1;1;0
GMGC10.239_947_627.RBPA;rifampicin;0;1;0;0;0
GMGC10.239_993_108.DDL;Glycopeptide/Cycloserine;0;0;0;0;1
GMGC10.240_071_750.RBPA;rifampicin;0;1;0;0;0
GMGC10.240_135_624.CUTR;Glycopeptide/Cycloserine;0;0;1;0;0
GMGC10.240_317_975.MTRA;Multidrug_efflux;0;1;0;0;0
GMGC10.240_479_669.UNKNOWN;aminoside;1;1;1;1;0
GMGC10.240_780_013.CUTR;Glycopeptide/Cycloserine;0;0;1;0;0
GMGC10.240_933_879.MTRA;Multidrug_efflux;0;1;0;0;0
GMGC10.241_338_043.CUTR;Glycopeptide/Cycloserine;0;0;1;0;0
GMGC10.241_619_233.CUTR;Glycopeptide/Cycloserine;0;0;1;0;0
GMGC10.241_756_896.DDL;Glycopeptide/Cycloserine;0;0;0;0;1
GMGC10.241_945_519.CAT;phenicol;0;0;0;0;1
GMGC10.241_966_759.CUTR;Glycopeptide/Cycloserine;0;0;1;0;0
GMGC10.242_205_535.CUTR;Glycopeptide/Cycloserine;0;0;1;0;0
GMGC10.242_289_539.FOLA;Sulfonamide/trimethoprim;0;0;0;0;1
GMGC10.242_302_250.RBPA;rifampicin;0;1;0;0;0
GMGC10.242_305_205.CUTR;Glycopeptide/Cycloserine;0;0;1;0;0
GMGC10.242_381_523.DDL;Glycopeptide/Cycloserine;0;0;0;0;1
GMGC10.242_734_868.FOLA1;Sulfonamide/trimethoprim;0;0;0;0;1
GMGC10.242_772_254.CUTR;Glycopeptide/Cycloserine;0;0;1;0;0
GMGC10.242_827_461.DDL;Glycopeptide/Cycloserine;0;0;0;0;1
GMGC10.242_874_283.FOLA;Sulfonamide/trimethoprim;0;0;0;0;1
GMGC10.243_070_006.FOLA;Sulfonamide/trimethoprim;0;0;0;0;1
GMGC10.243_282_754.CUTR;Glycopeptide/Cycloserine;0;0;1;0;0
GMGC10.243_407_188.CUTR;Glycopeptide/Cycloserine;0;0;1;0;0
GMGC10.243_441_354.CUTR;Glycopeptide/Cycloserine;0;0;1;0;0
GMGC10.243_543_150.MBL1;blactamase;0;0;0;0;1
GMGC10.243_617_077.CUTR;Glycopeptide/Cycloserine;0;0;1;0;0
GMGC10.243_638_760.DDL;Glycopeptide/Cycloserine;0;0;0;0;1
GMGC10.243_770_546.FOLA;Sulfonamide/trimethoprim;0;0;0;0;1
GMGC10.243_792_908.DDL;Glycopeptide/Cycloserine;0;0;0;0;1
GMGC10.243_801_759.CUTR;Glycopeptide/Cycloserine;0;0;1;0;0
GMGC10.243_836_107.FOLA;Sulfonamide/trimethoprim;0;0;0;0;1
GMGC10.243_886_606.FOLA1;Sulfonamide/trimethoprim;0;0;0;0;1
GMGC10.244_049_435.DDL;Glycopeptide/Cycloserine;0;0;0;0;1
GMGC10.244_113_660.DDL;Glycopeptide/Cycloserine;0;0;0;0;1
GMGC10.244_314_284.MTRA;Multidrug_efflux;0;1;0;0;0
GMGC10.244_331_430.FOLA;Sulfonamide/trimethoprim;0;0;0;0;1
GMGC10.244_467_479.RBPA;rifampicin;0;1;0;0;0
GMGC10.244_500_357.DDL;Glycopeptide/Cycloserine;0;0;0;0;1
GMGC10.245_396_369.DDL;Glycopeptide/Cycloserine;0;0;0;0;1
GMGC10.245_538_033.FOLA1;Sulfonamide/trimethoprim;0;0;0;0;1
GMGC10.245_611_964.RPOB;rifampicin;0;1;0;0;0
GMGC10.245_613_464.CUTR;Glycopeptide/Cycloserine;0;0;1;0;0
GMGC10.245_648_750.CUTR;Glycopeptide/Cycloserine;0;0;1;0;0
GMGC10.245_691_085.FOLA;Sulfonamide/trimethoprim;0;0;0;0;1
GMGC10.245_719_563.DDL;Glycopeptide/Cycloserine;0;0;0;0;1
GMGC10.245_742_124.FOLA;Sulfonamide/trimethoprim;0;0;0;0;1
GMGC10.245_748_642.DDL;Glycopeptide/Cycloserine;0;0;0;0;1
GMGC10.246_023_203.CUTR;Glycopeptide/Cycloserine;0;0;1;0;0
GMGC10.246_065_038.CUTR;Glycopeptide/Cycloserine;0;0;1;0;0
GMGC10.246_324_685.FOLA;Sulfonamide/trimethoprim;0;0;0;0;1
GMGC10.246_343_578.DDL;Glycopeptide/Cycloserine;0;0;0;0;1
GMGC10.246_362_568.CUTR;Glycopeptide/Cycloserine;0;0;1;0;0
GMGC10.246_367_854.FOLA;Sulfonamide/trimethoprim;0;0;0;0;1
GMGC10.246_529_056.CUTR;Glycopeptide/Cycloserine;0;0;1;0;0
GMGC10.246_598_880.CUTR;Glycopeptide/Cycloserine;0;0;1;0;0
GMGC10.246_633_693.CUTR;Glycopeptide/Cycloserine;0;0;1;0;0
GMGC10.246_686_584.FOLA1;Sulfonamide/trimethoprim;0;0;0;0;1
GMGC10.246_755_952.FOLA;Sulfonamide/trimethoprim;0;0;0;0;1
GMGC10.246_800_104.CUTR;Glycopeptide/Cycloserine;0;0;1;0;0
GMGC10.246_840_791.DDL;Glycopeptide/Cycloserine;0;0;0;0;1
GMGC10.246_956_950.CUTR;Glycopeptide/Cycloserine;0;0;1;0;0
GMGC10.246_978_510.DDL;Glycopeptide/Cycloserine;0;0;0;0;1
GMGC10.247_099_682.UNKNOWN;phenicol;1;0;1;0;0
GMGC10.247_125_033.DDL;Glycopeptide/Cycloserine;0;0;0;0;1
GMGC10.247_229_634.DDL;Glycopeptide/Cycloserine;0;0;0;0;1
GMGC10.247_510_364.CRP;Multidrug_efflux;0;1;0;0;0
GMGC10.247_510_583.MEXE;Multidrug_efflux;1;1;1;1;0
GMGC10.247_518_502.MSBA;nitroimidazole;0;1;0;0;0
GMGC10.247_566_015.CPXA;aminoside;0;1;0;0;0
GMGC10.247_579_760.EMRA;Multidrug_efflux;0;1;0;0;0
GMGC10.247_620_384.CPXA;aminoside;0;1;0;0;0
GMGC10.247_669_092.MEXF;Multidrug_efflux;1;0;1;1;0
GMGC10.247_670_410.SMVA;MLS;0;1;0;0;0
GMGC10.247_680_441.EMRR;Multidrug_efflux;0;1;0;0;0
GMGC10.247_693_372.CRP;Multidrug_efflux;0;1;0;0;0
GMGC10.247_726_983.EMRB;Multidrug_efflux;0;1;0;0;0
GMGC10.247_742_303.OXA;blactamase;1;1;1;1;0
GMGC10.247_746_661.ACRA;Multidrug_efflux;0;1;0;0;0
GMGC10.247_750_505.EMRA;Multidrug_efflux;0;1;0;0;0
GMGC10.247_766_202.EMRA;Multidrug_efflux;0;1;0;0;0
GMGC10.247_766_401.ACRA;Multidrug_efflux;0;1;0;0;0
GMGC10.247_768_494.BAER;aminoside;0;1;0;0;0
GMGC10.247_774_052.AMPC;blactamase;1;1;1;1;1
GMGC10.247_774_514.EMRA;Multidrug_efflux;0;1;0;0;0
GMGC10.247_907_327.OXA;blactamase;0;1;1;1;1
GMGC10.247_919_619.BLAI;blactamase;1;0;1;0;0
GMGC10.247_930_355.BLA;blactamase;1;1;1;1;1
GMGC10.247_931_983.UNKNOWN;aminoside;1;0;0;0;0
GMGC10.248_492_878.DDL;Glycopeptide/Cycloserine;0;0;0;0;1
GMGC10.249_605_241.BLA;blactamase;1;1;1;1;0
GMGC10.249_605_242.AMPR;blactamase;0;1;0;0;0
GMGC10.249_660_091.FOLA;Sulfonamide/trimethoprim;0;0;0;0;1
GMGC10.249_708_911.UNKNOWN;blactamase;0;0;0;0;1
GMGC10.250_802_570.YBXI;blactamase;1;1;1;1;0
GMGC10.251_455_267.YBXI;blactamase;0;0;0;0;1
GMGC10.251_489_195.UNKNOWN;blactamase;0;1;1;1;0
GMGC10.251_498_387.YBXI;blactamase;1;1;1;1;0
GMGC10.251_573_742.YBXI;blactamase;0;1;1;1;0
GMGC10.251_617_503.MEXC;Multidrug_efflux;0;1;0;0;0
GMGC10.251_842_596.YBXI;blactamase;0;0;0;0;1
GMGC10.251_881_936.CPXR;Multidrug_efflux;0;1;0;0;0
GMGC10.252_198_683.AADA;aminoside;1;1;1;1;0
GMGC10.252_541_097.AADA;aminoside;1;1;1;0;0
GMGC10.252_690_565.BMUL_6154;bleomycin;0;0;1;0;0
GMGC10.252_690_566.NEO;aminoside;1;1;1;1;0
GMGC10.252_832_601.UNKNOWN;MLS;1;1;1;1;0
GMGC10.252_983_601.UNKNOWN;phenicol;1;0;1;0;0
GMGC10.253_112_279.CUTR;Glycopeptide/Cycloserine;0;0;1;0;0
GMGC10.253_143_460.ARNA;peptide;0;1;0;0;0
GMGC10.253_438_083.EMRE;Disinfecting_agents_and_antiseptics;0;1;0;0;0
GMGC10.253_487_989.UNKNOWN;blactamase;0;0;0;0;1
GMGC10.253_550_919.HDE;phenicol;0;0;1;0;0
GMGC10.253_982_727.PPS;rifampicin;0;0;1;0;0
GMGC10.254_172_371.CPXR;Multidrug_efflux;0;1;0;0;0
GMGC10.254_193_892.VANX;Glycopeptide/Cycloserine;0;0;1;0;0
GMGC10.254_193_894.DDL;Glycopeptide/Cycloserine;0;0;1;0;0
GMGC10.254_372_873.RLMN;Multidrug;0;1;1;0;0
GMGC10.254_690_857.YBXI;blactamase;0;0;0;0;1
GMGC10.254_832_941.NEO;aminoside;1;1;1;1;0
GMGC10.254_865_175.UNKNOWN;MLS;1;1;1;1;0
GMGC10.256_352_235.YBXI;blactamase;0;0;0;0;1
GMGC10.256_380_113.AACA7;aminoside;1;1;1;1;0
GMGC10.256_387_051.UNKNOWN;MLS;0;1;1;0;0
GMGC10.256_393_622.DDL;Glycopeptide/Cycloserine;0;0;0;0;1
GMGC10.256_650_873.BAER;aminoside;0;1;0;0;0
GMGC10.258_027_899.UPPP;peptide;0;1;0;0;0
GMGC10.259_823_544.EMRB;quinolone;0;1;0;0;0
GMGC10.259_827_125.RAMA;Multidrug_efflux;0;1;0;0;0
GMGC10.259_849_766.UGD;peptide;0;1;0;0;0
GMGC10.261_398_972.CUTR;Glycopeptide/Cycloserine;0;0;1;0;0
GMGC10.261_416_032.CUTR;Glycopeptide/Cycloserine;0;0;1;0;0
GMGC10.261_579_133.MEXF;Multidrug_efflux;1;0;1;1;0
GMGC10.261_778_495.CUTR;Glycopeptide/Cycloserine;0;0;1;0;0
GMGC10.261_800_936.DDL;Glycopeptide/Cycloserine;0;0;0;0;1
GMGC10.261_908_037.CMR;Multidrug_efflux;0;1;0;1;0
GMGC10.262_313_641.CRP;Multidrug_efflux;0;1;0;0;0
GMGC10.262_323_706.EMRA;Multidrug_efflux;0;1;0;0;0
GMGC10.262_328_429.CRP;Multidrug_efflux;0;1;0;0;0
GMGC10.265_541_798.DDL;Glycopeptide/Cycloserine;0;0;0;0;1
GMGC10.265_831_915.CRP;Multidrug_efflux;0;1;0;0;0
GMGC10.266_459_113.CRP;Multidrug_efflux;0;1;0;0;0
GMGC10.266_564_026.ACRA;Multidrug_efflux;0;1;0;0;0
GMGC10.266_569_009.EMRB;quinolone;0;1;0;0;0
GMGC10.266_636_505.EMRB;Multidrug_efflux;0;1;0;0;0
GMGC10.266_637_285.MEXF;Multidrug_efflux;1;0;1;1;0
GMGC10.266_944_345.MDTM;Multidrug_efflux;0;1;0;0;0
GMGC10.267_213_212.MDTN;Multidrug_efflux;0;1;0;0;0
GMGC10.268_021_798.UNKNOWN;Sulfonamide/trimethoprim;1;1;1;1;0
GMGC10.268_208_745.UNKNOWN;Sulfonamide/trimethoprim;1;1;1;1;0
GMGC10.268_536_362.MEXF;Multidrug_efflux;1;0;1;1;0
GMGC10.268_693_259.ERMX;MLS;1;1;1;1;0
GMGC10.269_835_647.MDTP;Multidrug_efflux;0;1;0;0;0
GMGC10.269_852_842.AMPC;blactamase;1;1;1;0;1
GMGC10.269_885_663.ACRA;Multidrug_efflux;0;1;0;0;0
GMGC10.270_124_974.ACRA;Multidrug_efflux;0;1;0;0;0
GMGC10.270_133_572.EMRB;quinolone;0;1;0;0;0
GMGC10.270_136_957.MRDA;blactam_non_enz;1;0;0;0;0
GMGC10.270_137_688.EPTA;peptide;0;0;1;0;0
GMGC10.270_147_785.MDTM;Multidrug_efflux;0;1;0;0;0
GMGC10.270_187_451.DDL;Glycopeptide/Cycloserine;0;0;0;0;1
GMGC10.271_091_442.YBXI;blactamase;1;1;1;1;0
GMGC10.271_461_837.YBXI;blactamase;0;0;0;0;1
GMGC10.271_716_860.YBXI;blactamase;0;0;0;0;1
GMGC10.271_973_661.YBXI;blactamase;0;0;0;0;1
GMGC10.272_501_644.MBL1;blactamase;0;0;0;0;1
GMGC10.272_517_183.OXA;blactamase;1;1;1;1;0
GMGC10.272_539_638.DDL;Glycopeptide/Cycloserine;0;0;0;0;1
GMGC10.272_543_708.DDL;Glycopeptide/Cycloserine;0;0;0;0;1
GMGC10.272_613_847.BLA;blactamase;0;0;1;1;0
GMGC10.272_646_612.YBXI;blactamase;1;1;1;1;1
GMGC10.272_729_032.AACA7;aminoside;0;0;1;0;0
GMGC10.272_729_033.UNKNOWN;blactamase;1;1;1;1;1
GMGC10.272_959_417.AADA;aminoside;1;1;1;0;0
GMGC10.272_996_024.AACA7;aminoside;1;1;1;1;0
GMGC10.273_164_876.CPXR;Multidrug_efflux;0;1;0;0;0
GMGC10.273_225_216.DDL;Glycopeptide/Cycloserine;0;0;0;0;1
GMGC10.273_299_621.EPTA;peptide;1;1;1;1;0
GMGC10.273_300_083.UNKNOWN;aminoside;1;0;1;1;0
GMGC10.273_505_119.CUTR;Glycopeptide/Cycloserine;0;0;1;0;0
GMGC10.274_048_362.CUTR;Glycopeptide/Cycloserine;0;0;1;0;0
GMGC10.275_538_374.UNKNOWN;aminoside;1;0;0;0;0
GMGC10.275_595_940.UNKNOWN;phenicol;1;1;1;1;0
GMGC10.275_837_301.CPXR;Multidrug_efflux;0;1;0;0;0
GMGC10.277_831_892.BAER;aminoside;0;1;0;0;0
GMGC10.277_838_980.YJDB;peptide;0;1;0;0;0
GMGC10.278_159_278.YTMP;aminoside;1;0;0;0;0
GMGC10.278_576_803.SMVA;MLS;0;1;0;0;0
GMGC10.278_699_815.DDL;Glycopeptide/Cycloserine;0;0;0;0;1
GMGC10.278_948_160.BLA;blactamase;1;1;1;1;1
GMGC10.278_948_501.UNKNOWN;aminoside;1;0;0;0;0
GMGC10.278_993_548.YTMP;aminoside;1;0;0;0;0
GMGC10.280_229_957.SMVA;MLS;0;1;0;0;0
GMGC10.280_257_874.MTRC;Multidrug_efflux;0;1;0;0;0
GMGC10.280_265_554.AMPH;blactamase;1;1;1;1;1
GMGC10.280_273_343.CPXA;aminoside;0;1;0;0;0
GMGC10.280_277_770.IBEB;Multidrug_efflux;0;1;0;0;0
GMGC10.280_279_072.FOSB;fosfomycin;1;1;1;1;0
GMGC10.280_390_311.UPPP;peptide;0;1;0;0;0
GMGC10.280_404_866.ADER;Multidrug_efflux;0;1;0;0;0
GMGC10.280_413_596.UNKNOWN;blactamase;1;0;0;0;0
GMGC10.280_418_569.ACRA;Multidrug_efflux;0;1;0;0;0
GMGC10.280_456_458.BAES;Multidrug_efflux;0;1;0;0;0
GMGC10.280_481_476.MEXE;Multidrug_efflux;1;1;1;1;0
GMGC10.280_482_280.DDL;Glycopeptide/Cycloserine;0;0;0;0;1
GMGC10.280_484_941.SMVA;MLS;0;1;0;0;0
GMGC10.280_485_833.MDTK;Multidrug_efflux;0;1;0;0;0
GMGC10.280_487_199.MEXE;Multidrug_efflux;0;1;0;0;0
GMGC10.280_493_325.SMVA;MLS;0;1;0;0;0
GMGC10.280_493_545.OPRM;Multidrug_efflux;0;1;0;0;0
GMGC10.280_505_132.RV0906;blactamase;1;0;0;0;0
GMGC10.280_509_910.CPXA;aminoside;0;1;0;0;0
GMGC10.280_547_104.CRP;Multidrug_efflux;0;1;0;0;0
GMGC10.280_563_189.ADER;Multidrug_efflux;0;1;0;0;0
GMGC10.280_575_434.BLA;blactamase;1;1;1;0;0
GMGC10.280_687_406.CPXA;aminoside;0;1;0;0;0
GMGC10.280_687_436.BMUL_5987;fosfomycin;0;1;0;0;0
GMGC10.280_692_149.YBXI;blactamase;1;1;1;1;0
GMGC10.280_720_590.MTRC;Multidrug_efflux;0;1;0;0;0
GMGC10.280_723_149.ACRA;Multidrug_efflux;0;1;0;0;0
GMGC10.280_738_161.MEXE;Multidrug_efflux;0;1;0;0;0
GMGC10.280_757_637.UNKNOWN;blactamase;1;0;0;0;0
GMGC10.280_808_150.EMRB;Multidrug_efflux;0;1;0;0;0
GMGC10.280_815_536.ACRA;Multidrug_efflux;0;1;0;0;0
GMGC10.280_832_472.DDL;Glycopeptide/Cycloserine;0;0;0;0;1
GMGC10.280_833_737.EMRE;MLS;0;1;0;0;0
GMGC10.280_877_843.SMVA;MLS;0;1;0;0;0
GMGC10.280_879_401.MEXF;Multidrug_efflux;1;0;1;1;0
GMGC10.280_899_632.UNKNOWN;blactamase;1;1;1;1;1
GMGC10.280_909_868.ADES;Multidrug_efflux;0;1;0;0;0
GMGC10.280_954_114.BLA;blactamase;0;0;1;1;0
GMGC10.280_994_815.VANYB;Glycopeptide/Cycloserine;0;0;1;0;0
GMGC10.281_035_472.DDL;Glycopeptide/Cycloserine;0;0;0;0;1
GMGC10.281_044_789.SMVA;MLS;0;1;0;0;0
GMGC10.281_057_523.ACRA;Multidrug_efflux;0;1;0;0;0
GMGC10.281_065_379.MEXF;Multidrug_efflux;1;0;1;1;0
GMGC10.281_069_625.ACRA;Multidrug_efflux;0;1;0;0;0
GMGC10.281_069_757.UNKNOWN;blactamase;1;0;0;0;0
GMGC10.281_163_797.CPXA;aminoside;0;1;0;0;0
GMGC10.281_166_121.EMRB;quinolone;0;1;0;0;0
GMGC10.281_167_220.MEXF;Multidrug_efflux;1;0;1;1;0
GMGC10.281_174_987.EMRR;Multidrug_efflux;0;1;0;0;0
GMGC10.281_180_576.YBXI;blactamase;1;1;1;1;0
GMGC10.281_232_033.MTRC;Multidrug_efflux;0;1;0;0;0
GMGC10.281_263_847.EMRB;Multidrug_efflux;0;1;0;0;0
GMGC10.281_318_139.RV0906;blactamase;1;0;0;0;0
GMGC10.281_318_150.ADES;Multidrug_efflux;0;1;0;0;0
GMGC10.281_381_955.UNKNOWN;Glycopeptide/Cycloserine;0;0;1;0;0
GMGC10.281_511_426.LYSR18;Multidrug_efflux;0;1;0;0;0
GMGC10.281_555_396.CPXA;aminoside;0;1;0;0;0
GMGC10.281_593_554.YBXI;blactamase;1;1;1;1;0
GMGC10.281_665_003.ACRA;Multidrug_efflux;0;1;0;0;0
GMGC10.281_756_789.MEXE;Multidrug_efflux;1;1;1;1;0
GMGC10.281_756_827.EMRE;MLS;0;1;0;0;0
GMGC10.281_759_456.EMRB;quinolone;0;1;0;0;0
GMGC10.281_833_288.UNKNOWN;Multidrug_efflux;0;1;0;0;0
GMGC10.281_898_655.EMRB;quinolone;0;1;0;0;0
GMGC10.281_939_580.MRDA;blactam_non_enz;1;0;0;0;0
GMGC10.281_975_583.UNKNOWN;blactamase;1;0;0;0;0
GMGC10.281_980_238.SMVA;MLS;0;1;0;0;0
GMGC10.281_982_251.NODT;Multidrug_efflux;0;1;0;0;0
GMGC10.282_008_405.FOLA;Sulfonamide/trimethoprim;0;0;0;0;1
GMGC10.282_032_743.FOSB;fosfomycin;0;0;1;0;0
GMGC10.282_044_504.EMRA;Multidrug_efflux;0;1;0;0;0
GMGC10.282_046_197.FOLA;Sulfonamide/trimethoprim;0;0;0;0;1
GMGC10.282_233_652.MEXE;Multidrug_efflux;0;1;0;0;0
GMGC10.282_264_932.CPXA;aminoside;0;1;0;0;0
GMGC10.282_270_659.MSBA;nitroimidazole;0;1;0;0;0
GMGC10.282_360_335.MDT(A);MLS;1;1;1;1;0
GMGC10.282_404_152.MDTP;Multidrug_efflux;0;1;0;0;0
GMGC10.282_406_789.CAT;phenicol;1;1;1;1;1
GMGC10.282_523_767.BLA;blactamase;1;0;1;0;0
GMGC10.282_564_917.MEXE;Multidrug_efflux;1;1;1;1;0
GMGC10.282_564_996.IBEB;Multidrug_efflux;0;1;0;0;0
GMGC10.282_566_096.HNS;Multidrug_efflux;0;1;0;0;0
GMGC10.282_594_910.CMR;Multidrug_efflux;0;0;0;1;0
GMGC10.282_612_236.MEXE;Multidrug_efflux;0;1;0;0;0
GMGC10.282_665_258.ACRA;Multidrug_efflux;0;1;0;0;0
GMGC10.282_670_073.ACRA;Multidrug_efflux;0;1;0;0;0
GMGC10.282_677_777.MARA;Multidrug_efflux;0;1;0;0;0
GMGC10.282_819_361.SMVA;MLS;0;1;0;0;0
GMGC10.283_226_941.FOSB;fosfomycin;0;0;1;0;0
GMGC10.283_351_056.MSBA;nitroimidazole;0;1;0;0;0
GMGC10.283_358_728.AMPH;blactamase;1;0;0;0;0
GMGC10.283_398_095.CAT;phenicol;0;0;0;0;1
GMGC10.283_419_544.SMVA;MLS;0;1;0;0;0
GMGC10.283_422_920.QNR;quinolone;0;1;1;1;0
GMGC10.283_425_429.UNKNOWN;quinolone;0;1;0;0;0
GMGC10.283_446_100.CPXA;aminoside;0;1;0;0;0
GMGC10.283_446_363.ACRA;Multidrug_efflux;0;1;0;0;0
GMGC10.283_447_219.TOLC;Multidrug_efflux;0;1;0;0;0
GMGC10.283_470_521.UNKNOWN;blactamase;1;1;1;1;1
GMGC10.283_487_340.FOLA;Sulfonamide/trimethoprim;0;0;0;0;1
GMGC10.283_560_240.UNKNOWN;MLS;1;1;1;1;0
GMGC10.283_591_778.CPXA;aminoside;0;1;0;0;0
GMGC10.283_601_167.EMRA;Multidrug_efflux;0;1;0;0;0
GMGC10.283_880_095.CPXA;aminoside;0;1;0;0;0
GMGC10.283_881_050.MEXF;Multidrug_efflux;1;0;1;1;0
GMGC10.283_899_829.BAES;Multidrug_efflux;0;1;0;0;0
GMGC10.283_960_573.EMRR;Multidrug_efflux;0;1;0;0;0
GMGC10.283_969_628.EMRR;Multidrug_efflux;0;1;0;0;0
GMGC10.283_976_717.ACRA;Multidrug_efflux;0;1;0;0;0
GMGC10.283_981_710.BAER;aminoside;0;1;0;0;0
GMGC10.283_994_487.BLA;blactamase;1;1;1;1;0
GMGC10.283_999_627.ACRA;Multidrug_efflux;0;1;0;0;0
GMGC10.284_126_666.CMR;Multidrug_efflux;0;0;0;1;0
GMGC10.284_168_425.CPXA;aminoside;0;1;0;0;0
GMGC10.284_277_367.YJDB;peptide;0;1;0;0;0
GMGC10.284_293_058.EMRR;Multidrug_efflux;0;1;0;0;0
GMGC10.284_391_615.UNKNOWN;blactamase;0;1;1;1;1
GMGC10.284_472_683.ACRA;Multidrug_efflux;0;1;0;0;0
GMGC10.284_483_956.ACRA;Multidrug_efflux;0;1;0;0;0
GMGC10.284_501_598.BLA;blactamase;0;0;1;1;0
GMGC10.284_529_391.IBEB;Multidrug_efflux;0;1;0;0;0
GMGC10.284_646_431.ARPA;Multidrug_efflux;0;1;0;0;0
GMGC10.284_732_640.CRP;Multidrug_efflux;0;1;0;0;0
GMGC10.284_823_560.UNKNOWN;MLS;1;0;1;1;0
GMGC10.284_859_504.MDTA;Multidrug_efflux;0;1;0;0;0
GMGC10.284_949_224.ACRA;Multidrug_efflux;0;1;0;0;0
GMGC10.284_981_703.ACRA;Multidrug_efflux;0;1;0;0;0
GMGC10.284_982_660.UPPP;peptide;0;1;0;0;0
GMGC10.285_058_155.MEXF;Multidrug_efflux;1;0;1;1;0
GMGC10.285_072_269.ACRA;Multidrug_efflux;0;1;0;0;0
GMGC10.285_077_299.EMRB;quinolone;0;1;0;0;0
GMGC10.285_104_732.ERMA;MLS;1;1;1;1;0
GMGC10.285_117_324.MEXF;Multidrug_efflux;1;0;1;1;0
GMGC10.285_127_406.EMRA;Multidrug_efflux;0;1;0;0;0
GMGC10.285_149_241.MDTI;Multidrug_efflux;0;1;0;0;0
GMGC10.285_152_998.STRB;aminoside;1;0;1;1;0
GMGC10.285_154_816.ACRA;Multidrug_efflux;0;1;0;0;0
GMGC10.285_155_806.CAT;phenicol;0;0;0;0;1
GMGC10.285_180_839.EMRA;Multidrug_efflux;0;1;0;0;0
GMGC10.285_184_197.MSBA;nitroimidazole;0;1;0;0;0
GMGC10.285_186_653.MRDA;blactam_non_enz;1;0;0;0;0
GMGC10.285_231_587.CMR;Multidrug_efflux;0;0;0;1;0
GMGC10.285_263_867.EMRA;Multidrug_efflux;0;1;0;0;0
GMGC10.285_267_542.MEXE;Multidrug_efflux;1;1;1;1;0
GMGC10.285_307_843.EMRB;quinolone;0;1;0;0;0
GMGC10.285_317_002.AMPH;blactamase;1;0;0;0;0
GMGC10.285_434_515.AADA;aminoside;1;1;1;1;0
GMGC10.285_481_494.EMRA;Multidrug_efflux;0;1;0;0;0
GMGC10.285_496_165.UPPP;peptide;0;1;0;0;0
GMGC10.285_526_663.ACRA;Multidrug_efflux;0;1;0;0;0
GMGC10.285_527_790.MSBA;nitroimidazole;0;1;0;0;0
GMGC10.285_578_586.AMPH;blactamase;1;0;0;0;0
GMGC10.285_598_865.MEXE;Multidrug_efflux;1;1;1;1;0
GMGC10.285_612_034.MEXF;Multidrug_efflux;1;0;1;1;0
GMGC10.285_695_734.BLA;blactamase;1;0;1;0;0
GMGC10.285_793_730.TOLC;Multidrug_efflux;0;1;0;0;0
GMGC10.285_795_960.MRDA;blactam_non_enz;1;0;0;0;0
GMGC10.285_892_824.AMPH;blactamase;1;0;0;0;0
GMGC10.285_916_162.MBL1;blactamase;1;1;1;1;0
GMGC10.285_916_221.BAES;Multidrug_efflux;0;1;0;0;0
GMGC10.285_999_616.MSBA;nitroimidazole;0;1;0;0;0
GMGC10.286_010_246.CRP;Multidrug_efflux;0;1;0;0;0
GMGC10.286_011_101.DDL;Glycopeptide/Cycloserine;0;0;0;0;1
GMGC10.286_033_889.ARNA;peptide;0;1;0;0;0
GMGC10.286_110_370.MRDA;blactam_non_enz;1;0;0;0;0
GMGC10.286_138_119.ARPA;Multidrug_efflux;0;1;0;0;0
GMGC10.286_170_490.BLA;blactamase;0;0;1;1;0
GMGC10.286_277_225.UPPP;peptide;0;1;0;0;0
GMGC10.286_278_153.ACRA;Multidrug_efflux;0;1;0;0;0
GMGC10.286_278_469.CPXA;aminoside;0;1;0;0;0
GMGC10.286_279_695.EMRA;Multidrug_efflux;0;1;0;0;0
GMGC10.286_299_358.FOSB;fosfomycin;0;0;1;0;0
GMGC10.286_364_389.VANR;Glycopeptide/Cycloserine;0;0;1;0;0
GMGC10.286_367_263.DDL;Glycopeptide/Cycloserine;0;0;1;0;0
GMGC10.286_439_668.UNKNOWN;blactamase;1;0;0;0;0
GMGC10.286_502_671.TOLC;Multidrug_efflux;0;1;0;0;0
GMGC10.286_524_585.ACRA;Multidrug_efflux;0;1;0;0;0
GMGC10.286_576_296.EMRB;quinolone;0;1;0;0;0
GMGC10.286_576_674.CPXA;aminoside;0;1;0;0;0
GMGC10.286_577_718.ACRA;Multidrug_efflux;0;1;0;0;0
GMGC10.286_581_470.CRP;Multidrug_efflux;0;1;0;0;0
GMGC10.286_628_317.EMRB;quinolone;0;1;0;0;0
GMGC10.286_628_900.CPXA;aminoside;0;1;0;0;0
GMGC10.286_634_449.BAER;aminoside;0;1;0;0;0
GMGC10.286_646_624.BLA;blactamase;1;1;1;1;0
GMGC10.286_778_318.CAT;phenicol;0;0;0;0;1
GMGC10.286_782_607.IBEB;Multidrug_efflux;0;1;0;0;0
GMGC10.286_783_791.EMRA;Multidrug_efflux;0;1;0;0;0
GMGC10.286_786_308.CPXA;aminoside;0;1;0;0;0
GMGC10.286_831_039.EMRA;Multidrug_efflux;0;1;0;0;0
GMGC10.286_863_691.MEXF;Multidrug_efflux;1;0;1;1;0
GMGC10.286_884_926.MEXF;Multidrug_efflux;1;0;1;1;0
GMGC10.287_263_895.CRP;Multidrug_efflux;0;1;0;0;0
GMGC10.287_297_316.MARA;Multidrug_efflux;0;1;0;0;0
GMGC10.287_297_908.MARA;Multidrug_efflux;0;1;0;0;0
GMGC10.287_306_189.CRP;Multidrug_efflux;0;1;0;0;0
GMGC10.287_341_100.YTMP;aminoside;1;0;0;0;0
GMGC10.287_418_805.UNKNOWN;aminoside;1;0;0;0;0
GMGC10.287_713_933.COPY;blactamase;1;0;1;0;0
GMGC10.287_777_552.BLA;blactamase;1;1;1;1;1
GMGC10.287_984_957.MDTG;Multidrug_efflux;0;1;0;0;0
GMGC10.292_589_984.UNKNOWN;Sulfonamide/trimethoprim;1;1;1;1;1
GMGC10.292_737_947.STRB;aminoside;1;1;1;1;0
GMGC10.292_755_972.MSBA;nitroimidazole;0;1;0;0;0
GMGC10.293_116_584.MDTE;Multidrug_efflux;0;1;0;0;0
GMGC10.293_417_077.ACRA;Multidrug_efflux;0;1;0;0;0
GMGC10.293_516_751.AADA;aminoside;1;1;1;1;1
GMGC10.293_586_424.CRP;Multidrug_efflux;0;1;0;0;0
GMGC10.293_696_577.MDTN;Multidrug_efflux;0;1;0;0;0
GMGC10.293_812_877.CMR;Multidrug_efflux;0;1;0;1;0
GMGC10.294_142_043.TETR;cycline;1;0;0;0;0
GMGC10.294_210_622.TETA;cycline;1;1;1;1;1
GMGC10.294_864_039.PBPC;blactam_non_enz;1;1;1;1;0
GMGC10.294_892_020.BLAI;blactamase;1;0;1;0;0
GMGC10.295_494_854.QACA;quinolone;0;1;0;0;0
GMGC10.295_676_794.QACA;quinolone;0;1;0;0;0
GMGC10.295_901_772.YBXI;blactamase;1;1;1;1;1
GMGC10.296_420_134.YBXI;blactamase;1;1;1;1;1
GMGC10.296_858_050.ERMA;MLS;1;1;1;1;0
GMGC10.297_278_983.MEXF;Multidrug_efflux;1;0;1;1;0
GMGC10.297_288_093.CMR;Multidrug_efflux;0;0;0;1;0
GMGC10.297_317_806.CRP;Multidrug_efflux;0;1;0;0;0
GMGC10.297_320_425.UPPP;peptide;0;1;0;0;0
GMGC10.297_349_163.EMRB;quinolone;0;1;0;0;0
GMGC10.297_351_302.EMRB;quinolone;0;1;0;0;0
GMGC10.297_351_337.CRP;Multidrug_efflux;0;1;0;0;0
GMGC10.297_360_227.MRDA;blactam_non_enz;1;0;0;0;0
GMGC10.297_366_128.MSBA;nitroimidazole;0;1;0;0;0
GMGC10.297_366_735.ACRA;Multidrug_efflux;0;1;0;0;0
GMGC10.297_406_471.ACRA;Multidrug_efflux;0;1;0;0;0
GMGC10.297_612_644.ACRA;Multidrug_efflux;0;1;0;0;0
GMGC10.297_701_821.ACRA;Multidrug_efflux;0;1;0;0;0
GMGC10.299_920_168.TETP;cycline;1;1;1;1;0
GMGC10.300_148_628.ERMX;MLS;1;1;1;1;0
GMGC10.300_613_088.MRDA;blactam_non_enz;1;0;0;0;0
GMGC10.300_653_131.EVGS;Multidrug_efflux;0;1;0;0;0
GMGC10.300_698_689.CRP;Multidrug_efflux;0;1;0;0;0
GMGC10.300_790_456.GADX;Multidrug_efflux;0;1;0;0;0
GMGC10.301_897_747.BLAR;blactamase;1;0;1;0;0
GMGC10.303_001_348.ERMX;MLS;1;1;1;1;0
GMGC10.303_554_798.ERMA;MLS;1;1;1;1;0
GMGC10.303_667_572.BLAI;blactamase;1;0;1;0;0
GMGC10.303_975_816.RRMA;MLS;0;1;0;0;0
GMGC10.304_467_396.LMRD;quinolone;0;1;0;0;0
GMGC10.304_686_184.LMRD;quinolone;0;1;0;0;0
GMGC10.305_195_205.ERMA;MLS;1;1;1;1;0
GMGC10.305_358_336.DDL;Glycopeptide/Cycloserine;0;0;0;0;1
GMGC10.305_710_746.ERMX;MLS;1;1;1;1;0
GMGC10.306_164_714.FOLA;Sulfonamide/trimethoprim;0;0;0;0;1
GMGC10.307_818_207.UPPP;peptide;0;1;0;0;0
GMGC10.307_820_217.ACRA;Multidrug_efflux;0;1;0;0;0
GMGC10.307_821_351.TOLC;Multidrug_efflux;0;1;0;0;0
GMGC10.308_977_717.FOLP;Sulfonamide/trimethoprim;1;1;1;1;1
GMGC10.309_316_789.ERMX;MLS;1;1;1;1;0
GMGC10.309_561_588.UNKNOWN;MLS;1;0;1;1;0
GMGC10.310_520_101.ACRA;Multidrug_efflux;0;1;0;0;0
GMGC10.310_821_784.AADA;aminoside;0;1;1;1;1
GMGC10.310_829_299.ERMX;MLS;1;1;1;1;0
